Building Types,City,District,Route Number,Population_BT,Population_L,CF_BT,CF_L,WG_B,WG_L,AQI_BT,AQI_L,RF_BT,RF_L,TOTAL CF,TOTAL WG,TOTAL AQI,TOTAL RF
Small Office,"Acton, CA",7.000000,14.000000,194.000000,7596.000000,0.970000,37.980000,153.260000,6000.840000,75.500000,107.000000,32.000000,82357.142860,38.950000,6154.100000,182.500000,82389.142860
Medium Office,"Acton, CA",7.000000,14.000000,5131.000000,7596.000000,25.655000,37.980000,4053.490000,6000.840000,75.500000,107.000000,60.000000,82357.142860,63.635000,10054.330000,182.500000,82417.142860
Large Office,"Acton, CA",7.000000,14.000000,9893.000000,7596.000000,49.465000,37.980000,7815.470000,6000.840000,75.500000,107.000000,62.000000,82357.142860,87.445000,13816.310000,182.500000,82419.142860
Primary School,"Acton, CA",7.000000,14.000000,9245.000000,7596.000000,46.225000,37.980000,7303.550000,6000.840000,75.500000,107.000000,24.000000,82357.142860,84.205000,13304.390000,182.500000,82381.142860
Secondary School,"Acton, CA",7.000000,14.000000,17574.000000,7596.000000,87.870000,37.980000,13883.460000,6000.840000,75.500000,107.000000,66.000000,82357.142860,125.850000,19884.300000,182.500000,82423.142860
University,"Acton, CA",7.000000,14.000000,37808.000000,7596.000000,189.040000,37.980000,29868.320000,6000.840000,101.000000,107.000000,190.000000,82357.142860,227.020000,35869.160000,208.000000,82547.142860
Hospital,"Acton, CA",7.000000,14.000000,2969.000000,7596.000000,14.845000,37.980000,2345.510000,6000.840000,101.000000,107.000000,122.000000,82357.142860,52.825000,8346.350000,208.000000,82479.142860
Mall,"Acton, CA",7.000000,14.000000,9182.000000,7596.000000,45.910000,37.980000,7253.780000,6000.840000,101.000000,107.000000,288.000000,82357.142860,83.890000,13254.620000,208.000000,82645.142860
Small Office,Agoura Hills,7.000000,101.000000,194.000000,20843.000000,0.970000,104.215000,153.260000,16465.970000,75.500000,130.000000,32.000000,192269.230800,105.185000,16619.230000,205.500000,192301.230800
Medium Office,Agoura Hills,7.000000,101.000000,5131.000000,20843.000000,25.655000,104.215000,4053.490000,16465.970000,75.500000,130.000000,60.000000,192269.230800,129.870000,20519.460000,205.500000,192329.230800
Large Office,Agoura Hills,7.000000,101.000000,9893.000000,20843.000000,49.465000,104.215000,7815.470000,16465.970000,75.500000,130.000000,62.000000,192269.230800,153.680000,24281.440000,205.500000,192331.230800
Primary School,Agoura Hills,7.000000,101.000000,9245.000000,20843.000000,46.225000,104.215000,7303.550000,16465.970000,75.500000,130.000000,24.000000,192269.230800,150.440000,23769.520000,205.500000,192293.230800
Secondary School,Agoura Hills,7.000000,101.000000,17574.000000,20843.000000,87.870000,104.215000,13883.460000,16465.970000,75.500000,130.000000,66.000000,192269.230800,192.085000,30349.430000,205.500000,192335.230800
University,Agoura Hills,7.000000,101.000000,37808.000000,20843.000000,189.040000,104.215000,29868.320000,16465.970000,101.000000,130.000000,190.000000,192269.230800,293.255000,46334.290000,231.000000,192459.230800
Hospital,Agoura Hills,7.000000,101.000000,2969.000000,20843.000000,14.845000,104.215000,2345.510000,16465.970000,101.000000,130.000000,122.000000,192269.230800,119.060000,18811.480000,231.000000,192391.230800
Mall,Agoura Hills,7.000000,101.000000,9182.000000,20843.000000,45.910000,104.215000,7253.780000,16465.970000,101.000000,130.000000,288.000000,192269.230800,150.125000,23719.750000,231.000000,192557.230800
Small Office,"Agua Dulce, CA",7.000000,14.000000,194.000000,3342.000000,0.970000,16.710000,153.260000,2640.180000,75.500000,129.000000,32.000000,82357.142860,17.680000,2793.440000,204.500000,82389.142860
Medium Office,"Agua Dulce, CA",7.000000,14.000000,5131.000000,3342.000000,25.655000,16.710000,4053.490000,2640.180000,75.500000,129.000000,60.000000,82357.142860,42.365000,6693.670000,204.500000,82417.142860
Large Office,"Agua Dulce, CA",7.000000,14.000000,9893.000000,3342.000000,49.465000,16.710000,7815.470000,2640.180000,75.500000,129.000000,62.000000,82357.142860,66.175000,10455.650000,204.500000,82419.142860
Primary School,"Agua Dulce, CA",7.000000,14.000000,9245.000000,3342.000000,46.225000,16.710000,7303.550000,2640.180000,75.500000,129.000000,24.000000,82357.142860,62.935000,9943.730000,204.500000,82381.142860
Secondary School,"Agua Dulce, CA",7.000000,14.000000,17574.000000,3342.000000,87.870000,16.710000,13883.460000,2640.180000,75.500000,129.000000,66.000000,82357.142860,104.580000,16523.640000,204.500000,82423.142860
University,"Agua Dulce, CA",7.000000,14.000000,37808.000000,3342.000000,189.040000,16.710000,29868.320000,2640.180000,101.000000,129.000000,190.000000,82357.142860,205.750000,32508.500000,230.000000,82547.142860
Hospital,"Agua Dulce, CA",7.000000,14.000000,2969.000000,3342.000000,14.845000,16.710000,2345.510000,2640.180000,101.000000,129.000000,122.000000,82357.142860,31.555000,4985.690000,230.000000,82479.142860
Mall,"Agua Dulce, CA",7.000000,14.000000,9182.000000,3342.000000,45.910000,16.710000,7253.780000,2640.180000,101.000000,129.000000,288.000000,82357.142860,62.620000,9893.960000,230.000000,82645.142860
Small Office,"Alhambra, CA",7.000000,110.000000,194.000000,85569.000000,0.970000,427.845000,153.260000,67599.510000,75.500000,142.000000,32.000000,169423.913000,428.815000,67752.770000,217.500000,169455.913000
Medium Office,"Alhambra, CA",7.000000,110.000000,5131.000000,85569.000000,25.655000,427.845000,4053.490000,67599.510000,75.500000,142.000000,60.000000,169423.913000,453.500000,71653.000000,217.500000,169483.913000
Large Office,"Alhambra, CA",7.000000,110.000000,9893.000000,85569.000000,49.465000,427.845000,7815.470000,67599.510000,75.500000,142.000000,62.000000,169423.913000,477.310000,75414.980000,217.500000,169485.913000
Primary School,"Alhambra, CA",7.000000,110.000000,9245.000000,85569.000000,46.225000,427.845000,7303.550000,67599.510000,75.500000,142.000000,24.000000,169423.913000,474.070000,74903.060000,217.500000,169447.913000
Secondary School,"Alhambra, CA",7.000000,110.000000,17574.000000,85569.000000,87.870000,427.845000,13883.460000,67599.510000,75.500000,142.000000,66.000000,169423.913000,515.715000,81482.970000,217.500000,169489.913000
University,"Alhambra, CA",7.000000,110.000000,37808.000000,85569.000000,189.040000,427.845000,29868.320000,67599.510000,101.000000,142.000000,190.000000,169423.913000,616.885000,97467.830000,243.000000,169613.913000
Hospital,"Alhambra, CA",7.000000,110.000000,2969.000000,85569.000000,14.845000,427.845000,2345.510000,67599.510000,101.000000,142.000000,122.000000,169423.913000,442.690000,69945.020000,243.000000,169545.913000
Mall,"Alhambra, CA",7.000000,110.000000,9182.000000,85569.000000,45.910000,427.845000,7253.780000,67599.510000,101.000000,142.000000,288.000000,169423.913000,473.755000,74853.290000,243.000000,169711.913000
Small Office,Alondra Park,7.000000,405.000000,194.000000,8592.000000,0.970000,42.960000,153.260000,6787.680000,75.500000,134.000000,32.000000,237480.000000,43.930000,6940.940000,209.500000,237512.000000
Medium Office,Alondra Park,7.000000,405.000000,5131.000000,8592.000000,25.655000,42.960000,4053.490000,6787.680000,75.500000,134.000000,60.000000,237480.000000,68.615000,10841.170000,209.500000,237540.000000
Large Office,Alondra Park,7.000000,405.000000,9893.000000,8592.000000,49.465000,42.960000,7815.470000,6787.680000,75.500000,134.000000,62.000000,237480.000000,92.425000,14603.150000,209.500000,237542.000000
Primary School,Alondra Park,7.000000,405.000000,9245.000000,8592.000000,46.225000,42.960000,7303.550000,6787.680000,75.500000,134.000000,24.000000,237480.000000,89.185000,14091.230000,209.500000,237504.000000
Secondary School,Alondra Park,7.000000,405.000000,17574.000000,8592.000000,87.870000,42.960000,13883.460000,6787.680000,75.500000,134.000000,66.000000,237480.000000,130.830000,20671.140000,209.500000,237546.000000
University,Alondra Park,7.000000,405.000000,37808.000000,8592.000000,189.040000,42.960000,29868.320000,6787.680000,101.000000,134.000000,190.000000,237480.000000,232.000000,36656.000000,235.000000,237670.000000
Hospital,Alondra Park,7.000000,405.000000,2969.000000,8592.000000,14.845000,42.960000,2345.510000,6787.680000,101.000000,134.000000,122.000000,237480.000000,57.805000,9133.190000,235.000000,237602.000000
Mall,Alondra Park,7.000000,405.000000,9182.000000,8592.000000,45.910000,42.960000,7253.780000,6787.680000,101.000000,134.000000,288.000000,237480.000000,88.870000,14041.460000,235.000000,237768.000000
Small Office,Altadena,7.000000,210.000000,194.000000,42777.000000,0.970000,213.885000,153.260000,33793.830000,75.500000,138.000000,32.000000,171244.898000,214.855000,33947.090000,213.500000,171276.898000
Medium Office,Altadena,7.000000,210.000000,5131.000000,42777.000000,25.655000,213.885000,4053.490000,33793.830000,75.500000,138.000000,60.000000,171244.898000,239.540000,37847.320000,213.500000,171304.898000
Large Office,Altadena,7.000000,210.000000,9893.000000,42777.000000,49.465000,213.885000,7815.470000,33793.830000,75.500000,138.000000,62.000000,171244.898000,263.350000,41609.300000,213.500000,171306.898000
Primary School,Altadena,7.000000,210.000000,9245.000000,42777.000000,46.225000,213.885000,7303.550000,33793.830000,75.500000,138.000000,24.000000,171244.898000,260.110000,41097.380000,213.500000,171268.898000
Secondary School,Altadena,7.000000,210.000000,17574.000000,42777.000000,87.870000,213.885000,13883.460000,33793.830000,75.500000,138.000000,66.000000,171244.898000,301.755000,47677.290000,213.500000,171310.898000
University,Altadena,7.000000,210.000000,37808.000000,42777.000000,189.040000,213.885000,29868.320000,33793.830000,101.000000,138.000000,190.000000,171244.898000,402.925000,63662.150000,239.000000,171434.898000
Hospital,Altadena,7.000000,210.000000,2969.000000,42777.000000,14.845000,213.885000,2345.510000,33793.830000,101.000000,138.000000,122.000000,171244.898000,228.730000,36139.340000,239.000000,171366.898000
Mall,Altadena,7.000000,210.000000,9182.000000,42777.000000,45.910000,213.885000,7253.780000,33793.830000,101.000000,138.000000,288.000000,171244.898000,259.795000,41047.610000,239.000000,171532.898000
Small Office,"Arcadia, CA",7.000000,210.000000,194.000000,58232.000000,0.970000,291.160000,153.260000,46003.280000,75.500000,142.000000,32.000000,171244.898000,292.130000,46156.540000,217.500000,171276.898000
Medium Office,"Arcadia, CA",7.000000,210.000000,5131.000000,58232.000000,25.655000,291.160000,4053.490000,46003.280000,75.500000,142.000000,60.000000,171244.898000,316.815000,50056.770000,217.500000,171304.898000
Large Office,"Arcadia, CA",7.000000,210.000000,9893.000000,58232.000000,49.465000,291.160000,7815.470000,46003.280000,75.500000,142.000000,62.000000,171244.898000,340.625000,53818.750000,217.500000,171306.898000
Primary School,"Arcadia, CA",7.000000,210.000000,9245.000000,58232.000000,46.225000,291.160000,7303.550000,46003.280000,75.500000,142.000000,24.000000,171244.898000,337.385000,53306.830000,217.500000,171268.898000
Secondary School,"Arcadia, CA",7.000000,210.000000,17574.000000,58232.000000,87.870000,291.160000,13883.460000,46003.280000,75.500000,142.000000,66.000000,171244.898000,379.030000,59886.740000,217.500000,171310.898000
University,"Arcadia, CA",7.000000,210.000000,37808.000000,58232.000000,189.040000,291.160000,29868.320000,46003.280000,101.000000,142.000000,190.000000,171244.898000,480.200000,75871.600000,243.000000,171434.898000
Hospital,"Arcadia, CA",7.000000,210.000000,2969.000000,58232.000000,14.845000,291.160000,2345.510000,46003.280000,101.000000,142.000000,122.000000,171244.898000,306.005000,48348.790000,243.000000,171366.898000
Mall,"Arcadia, CA",7.000000,210.000000,9182.000000,58232.000000,45.910000,291.160000,7253.780000,46003.280000,101.000000,142.000000,288.000000,171244.898000,337.070000,53257.060000,243.000000,171532.898000
Small Office,"Artesia, CA",7.000000,605.000000,194.000000,16895.000000,0.970000,84.475000,153.260000,13347.050000,75.500000,140.000000,32.000000,211740.740700,85.445000,13500.310000,215.500000,211772.740700
Medium Office,"Artesia, CA",7.000000,605.000000,5131.000000,16895.000000,25.655000,84.475000,4053.490000,13347.050000,75.500000,140.000000,60.000000,211740.740700,110.130000,17400.540000,215.500000,211800.740700
Large Office,"Artesia, CA",7.000000,605.000000,9893.000000,16895.000000,49.465000,84.475000,7815.470000,13347.050000,75.500000,140.000000,62.000000,211740.740700,133.940000,21162.520000,215.500000,211802.740700
Primary School,"Artesia, CA",7.000000,605.000000,9245.000000,16895.000000,46.225000,84.475000,7303.550000,13347.050000,75.500000,140.000000,24.000000,211740.740700,130.700000,20650.600000,215.500000,211764.740700
Secondary School,"Artesia, CA",7.000000,605.000000,17574.000000,16895.000000,87.870000,84.475000,13883.460000,13347.050000,75.500000,140.000000,66.000000,211740.740700,172.345000,27230.510000,215.500000,211806.740700
University,"Artesia, CA",7.000000,605.000000,37808.000000,16895.000000,189.040000,84.475000,29868.320000,13347.050000,101.000000,140.000000,190.000000,211740.740700,273.515000,43215.370000,241.000000,211930.740700
Hospital,"Artesia, CA",7.000000,605.000000,2969.000000,16895.000000,14.845000,84.475000,2345.510000,13347.050000,101.000000,140.000000,122.000000,211740.740700,99.320000,15692.560000,241.000000,211862.740700
Mall,"Artesia, CA",7.000000,605.000000,9182.000000,16895.000000,45.910000,84.475000,7253.780000,13347.050000,101.000000,140.000000,288.000000,211740.740700,130.385000,20600.830000,241.000000,212028.740700
Small Office,"Avalon, CA",7.000000,5.000000,194.000000,3802.000000,0.970000,19.010000,153.260000,3003.580000,75.500000,20.000000,32.000000,176685.714300,19.980000,3156.840000,95.500000,176717.714300
Medium Office,"Avalon, CA",7.000000,5.000000,5131.000000,3802.000000,25.655000,19.010000,4053.490000,3003.580000,75.500000,20.000000,60.000000,176685.714300,44.665000,7057.070000,95.500000,176745.714300
Large Office,"Avalon, CA",7.000000,5.000000,9893.000000,3802.000000,49.465000,19.010000,7815.470000,3003.580000,75.500000,20.000000,62.000000,176685.714300,68.475000,10819.050000,95.500000,176747.714300
Primary School,"Avalon, CA",7.000000,5.000000,9245.000000,3802.000000,46.225000,19.010000,7303.550000,3003.580000,75.500000,20.000000,24.000000,176685.714300,65.235000,10307.130000,95.500000,176709.714300
Secondary School,"Avalon, CA",7.000000,5.000000,17574.000000,3802.000000,87.870000,19.010000,13883.460000,3003.580000,75.500000,20.000000,66.000000,176685.714300,106.880000,16887.040000,95.500000,176751.714300
University,"Avalon, CA",7.000000,5.000000,37808.000000,3802.000000,189.040000,19.010000,29868.320000,3003.580000,101.000000,20.000000,190.000000,176685.714300,208.050000,32871.900000,121.000000,176875.714300
Hospital,"Avalon, CA",7.000000,5.000000,2969.000000,3802.000000,14.845000,19.010000,2345.510000,3003.580000,101.000000,20.000000,122.000000,176685.714300,33.855000,5349.090000,121.000000,176807.714300
Mall,"Avalon, CA",7.000000,5.000000,9182.000000,3802.000000,45.910000,19.010000,7253.780000,3003.580000,101.000000,20.000000,288.000000,176685.714300,64.920000,10257.360000,121.000000,176973.714300
Small Office,Avocado Heights,7.000000,10.000000,194.000000,15411.000000,0.970000,77.055000,153.260000,12174.690000,75.500000,142.000000,32.000000,225827.586200,78.025000,12327.950000,217.500000,225859.586200
Medium Office,Avocado Heights,7.000000,10.000000,5131.000000,15411.000000,25.655000,77.055000,4053.490000,12174.690000,75.500000,142.000000,60.000000,225827.586200,102.710000,16228.180000,217.500000,225887.586200
Large Office,Avocado Heights,7.000000,10.000000,9893.000000,15411.000000,49.465000,77.055000,7815.470000,12174.690000,75.500000,142.000000,62.000000,225827.586200,126.520000,19990.160000,217.500000,225889.586200
Primary School,Avocado Heights,7.000000,10.000000,9245.000000,15411.000000,46.225000,77.055000,7303.550000,12174.690000,75.500000,142.000000,24.000000,225827.586200,123.280000,19478.240000,217.500000,225851.586200
Secondary School,Avocado Heights,7.000000,10.000000,17574.000000,15411.000000,87.870000,77.055000,13883.460000,12174.690000,75.500000,142.000000,66.000000,225827.586200,164.925000,26058.150000,217.500000,225893.586200
University,Avocado Heights,7.000000,10.000000,37808.000000,15411.000000,189.040000,77.055000,29868.320000,12174.690000,101.000000,142.000000,190.000000,225827.586200,266.095000,42043.010000,243.000000,226017.586200
Hospital,Avocado Heights,7.000000,10.000000,2969.000000,15411.000000,14.845000,77.055000,2345.510000,12174.690000,101.000000,142.000000,122.000000,225827.586200,91.900000,14520.200000,243.000000,225949.586200
Mall,Avocado Heights,7.000000,10.000000,9182.000000,15411.000000,45.910000,77.055000,7253.780000,12174.690000,101.000000,142.000000,288.000000,225827.586200,122.965000,19428.470000,243.000000,226115.586200
Small Office,Azusa,7.000000,210.000000,194.000000,48799.000000,0.970000,243.995000,153.260000,38551.210000,75.500000,139.000000,32.000000,171244.898000,244.965000,38704.470000,214.500000,171276.898000
Medium Office,Azusa,7.000000,210.000000,5131.000000,48799.000000,25.655000,243.995000,4053.490000,38551.210000,75.500000,139.000000,60.000000,171244.898000,269.650000,42604.700000,214.500000,171304.898000
Large Office,Azusa,7.000000,210.000000,9893.000000,48799.000000,49.465000,243.995000,7815.470000,38551.210000,75.500000,139.000000,62.000000,171244.898000,293.460000,46366.680000,214.500000,171306.898000
Primary School,Azusa,7.000000,210.000000,9245.000000,48799.000000,46.225000,243.995000,7303.550000,38551.210000,75.500000,139.000000,24.000000,171244.898000,290.220000,45854.760000,214.500000,171268.898000
Secondary School,Azusa,7.000000,210.000000,17574.000000,48799.000000,87.870000,243.995000,13883.460000,38551.210000,75.500000,139.000000,66.000000,171244.898000,331.865000,52434.670000,214.500000,171310.898000
University,Azusa,7.000000,210.000000,37808.000000,48799.000000,189.040000,243.995000,29868.320000,38551.210000,101.000000,139.000000,190.000000,171244.898000,433.035000,68419.530000,240.000000,171434.898000
Hospital,Azusa,7.000000,210.000000,2969.000000,48799.000000,14.845000,243.995000,2345.510000,38551.210000,101.000000,139.000000,122.000000,171244.898000,258.840000,40896.720000,240.000000,171366.898000
Mall,Azusa,7.000000,210.000000,9182.000000,48799.000000,45.910000,243.995000,7253.780000,38551.210000,101.000000,139.000000,288.000000,171244.898000,289.905000,45804.990000,240.000000,171532.898000
Small Office,"Baldwin Park, CA",7.000000,10.000000,194.000000,77119.000000,0.970000,385.595000,153.260000,60924.010000,75.500000,142.000000,32.000000,13355.000000,386.565000,61077.270000,217.500000,13387.000000
Medium Office,"Baldwin Park, CA",7.000000,10.000000,5131.000000,77119.000000,25.655000,385.595000,4053.490000,60924.010000,75.500000,142.000000,60.000000,13355.000000,411.250000,64977.500000,217.500000,13415.000000
Large Office,"Baldwin Park, CA",7.000000,10.000000,9893.000000,77119.000000,49.465000,385.595000,7815.470000,60924.010000,75.500000,142.000000,62.000000,13355.000000,435.060000,68739.480000,217.500000,13417.000000
Primary School,"Baldwin Park, CA",7.000000,10.000000,9245.000000,77119.000000,46.225000,385.595000,7303.550000,60924.010000,75.500000,142.000000,24.000000,13355.000000,431.820000,68227.560000,217.500000,13379.000000
Secondary School,"Baldwin Park, CA",7.000000,10.000000,17574.000000,77119.000000,87.870000,385.595000,13883.460000,60924.010000,75.500000,142.000000,66.000000,13355.000000,473.465000,74807.470000,217.500000,13421.000000
University,"Baldwin Park, CA",7.000000,10.000000,37808.000000,77119.000000,189.040000,385.595000,29868.320000,60924.010000,101.000000,142.000000,190.000000,13355.000000,574.635000,90792.330000,243.000000,13545.000000
Hospital,"Baldwin Park, CA",7.000000,10.000000,2969.000000,77119.000000,14.845000,385.595000,2345.510000,60924.010000,101.000000,142.000000,122.000000,13355.000000,400.440000,63269.520000,243.000000,13477.000000
Mall,"Baldwin Park, CA",7.000000,10.000000,9182.000000,77119.000000,45.910000,385.595000,7253.780000,60924.010000,101.000000,142.000000,288.000000,13355.000000,431.505000,68177.790000,243.000000,13643.000000
Small Office,Bell Gardens,7.000000,105.000000,194.000000,43146.000000,0.970000,215.730000,153.260000,34085.340000,75.500000,140.000000,32.000000,190081.250000,216.700000,34238.600000,215.500000,190113.250000
Medium Office,Bell Gardens,7.000000,105.000000,5131.000000,43146.000000,25.655000,215.730000,4053.490000,34085.340000,75.500000,140.000000,60.000000,190081.250000,241.385000,38138.830000,215.500000,190141.250000
Large Office,Bell Gardens,7.000000,105.000000,9893.000000,43146.000000,49.465000,215.730000,7815.470000,34085.340000,75.500000,140.000000,62.000000,190081.250000,265.195000,41900.810000,215.500000,190143.250000
Primary School,Bell Gardens,7.000000,105.000000,9245.000000,43146.000000,46.225000,215.730000,7303.550000,34085.340000,75.500000,140.000000,24.000000,190081.250000,261.955000,41388.890000,215.500000,190105.250000
Secondary School,Bell Gardens,7.000000,105.000000,17574.000000,43146.000000,87.870000,215.730000,13883.460000,34085.340000,75.500000,140.000000,66.000000,190081.250000,303.600000,47968.800000,215.500000,190147.250000
University,Bell Gardens,7.000000,105.000000,37808.000000,43146.000000,189.040000,215.730000,29868.320000,34085.340000,101.000000,140.000000,190.000000,190081.250000,404.770000,63953.660000,241.000000,190271.250000
Hospital,Bell Gardens,7.000000,105.000000,2969.000000,43146.000000,14.845000,215.730000,2345.510000,34085.340000,101.000000,140.000000,122.000000,190081.250000,230.575000,36430.850000,241.000000,190203.250000
Mall,Bell Gardens,7.000000,105.000000,9182.000000,43146.000000,45.910000,215.730000,7253.780000,34085.340000,101.000000,140.000000,288.000000,190081.250000,261.640000,41339.120000,241.000000,190369.250000
Small Office,"Bell, CA",7.000000,710.000000,194.000000,36217.000000,0.970000,181.085000,153.260000,28611.430000,75.500000,140.000000,32.000000,119689.655200,182.055000,28764.690000,215.500000,119721.655200
Medium Office,"Bell, CA",7.000000,710.000000,5131.000000,36217.000000,25.655000,181.085000,4053.490000,28611.430000,75.500000,140.000000,60.000000,119689.655200,206.740000,32664.920000,215.500000,119749.655200
Large Office,"Bell, CA",7.000000,710.000000,9893.000000,36217.000000,49.465000,181.085000,7815.470000,28611.430000,75.500000,140.000000,62.000000,119689.655200,230.550000,36426.900000,215.500000,119751.655200
Primary School,"Bell, CA",7.000000,710.000000,9245.000000,36217.000000,46.225000,181.085000,7303.550000,28611.430000,75.500000,140.000000,24.000000,119689.655200,227.310000,35914.980000,215.500000,119713.655200
Secondary School,"Bell, CA",7.000000,710.000000,17574.000000,36217.000000,87.870000,181.085000,13883.460000,28611.430000,75.500000,140.000000,66.000000,119689.655200,268.955000,42494.890000,215.500000,119755.655200
University,"Bell, CA",7.000000,710.000000,37808.000000,36217.000000,189.040000,181.085000,29868.320000,28611.430000,101.000000,140.000000,190.000000,119689.655200,370.125000,58479.750000,241.000000,119879.655200
Hospital,"Bell, CA",7.000000,710.000000,2969.000000,36217.000000,14.845000,181.085000,2345.510000,28611.430000,101.000000,140.000000,122.000000,119689.655200,195.930000,30956.940000,241.000000,119811.655200
Mall,"Bell, CA",7.000000,710.000000,9182.000000,36217.000000,45.910000,181.085000,7253.780000,28611.430000,101.000000,140.000000,288.000000,119689.655200,226.995000,35865.210000,241.000000,119977.655200
Small Office,"Bellflower, CA",7.000000,605.000000,194.000000,78236.000000,0.970000,391.180000,153.260000,61806.440000,75.500000,140.000000,32.000000,211740.740700,392.150000,61959.700000,215.500000,211772.740700
Medium Office,"Bellflower, CA",7.000000,605.000000,5131.000000,78236.000000,25.655000,391.180000,4053.490000,61806.440000,75.500000,140.000000,60.000000,211740.740700,416.835000,65859.930000,215.500000,211800.740700
Large Office,"Bellflower, CA",7.000000,605.000000,9893.000000,78236.000000,49.465000,391.180000,7815.470000,61806.440000,75.500000,140.000000,62.000000,211740.740700,440.645000,69621.910000,215.500000,211802.740700
Primary School,"Bellflower, CA",7.000000,605.000000,9245.000000,78236.000000,46.225000,391.180000,7303.550000,61806.440000,75.500000,140.000000,24.000000,211740.740700,437.405000,69109.990000,215.500000,211764.740700
Secondary School,"Bellflower, CA",7.000000,605.000000,17574.000000,78236.000000,87.870000,391.180000,13883.460000,61806.440000,75.500000,140.000000,66.000000,211740.740700,479.050000,75689.900000,215.500000,211806.740700
University,"Bellflower, CA",7.000000,605.000000,37808.000000,78236.000000,189.040000,391.180000,29868.320000,61806.440000,101.000000,140.000000,190.000000,211740.740700,580.220000,91674.760000,241.000000,211930.740700
Hospital,"Bellflower, CA",7.000000,605.000000,2969.000000,78236.000000,14.845000,391.180000,2345.510000,61806.440000,101.000000,140.000000,122.000000,211740.740700,406.025000,64151.950000,241.000000,211862.740700
Mall,"Bellflower, CA",7.000000,605.000000,9182.000000,78236.000000,45.910000,391.180000,7253.780000,61806.440000,101.000000,140.000000,288.000000,211740.740700,437.090000,69060.220000,241.000000,212028.740700
Small Office,"Beverly Hills, CA",7.000000,405.000000,194.000000,34871.000000,0.970000,174.355000,153.260000,27548.090000,75.500000,137.000000,32.000000,237480.000000,175.325000,27701.350000,212.500000,237512.000000
Medium Office,"Beverly Hills, CA",7.000000,405.000000,5131.000000,34871.000000,25.655000,174.355000,4053.490000,27548.090000,75.500000,137.000000,60.000000,237480.000000,200.010000,31601.580000,212.500000,237540.000000
Large Office,"Beverly Hills, CA",7.000000,405.000000,9893.000000,34871.000000,49.465000,174.355000,7815.470000,27548.090000,75.500000,137.000000,62.000000,237480.000000,223.820000,35363.560000,212.500000,237542.000000
Primary School,"Beverly Hills, CA",7.000000,405.000000,9245.000000,34871.000000,46.225000,174.355000,7303.550000,27548.090000,75.500000,137.000000,24.000000,237480.000000,220.580000,34851.640000,212.500000,237504.000000
Secondary School,"Beverly Hills, CA",7.000000,405.000000,17574.000000,34871.000000,87.870000,174.355000,13883.460000,27548.090000,75.500000,137.000000,66.000000,237480.000000,262.225000,41431.550000,212.500000,237546.000000
University,"Beverly Hills, CA",7.000000,405.000000,37808.000000,34871.000000,189.040000,174.355000,29868.320000,27548.090000,101.000000,137.000000,190.000000,237480.000000,363.395000,57416.410000,238.000000,237670.000000
Hospital,"Beverly Hills, CA",7.000000,405.000000,2969.000000,34871.000000,14.845000,174.355000,2345.510000,27548.090000,101.000000,137.000000,122.000000,237480.000000,189.200000,29893.600000,238.000000,237602.000000
Mall,"Beverly Hills, CA",7.000000,405.000000,9182.000000,34871.000000,45.910000,174.355000,7253.780000,27548.090000,101.000000,137.000000,288.000000,237480.000000,220.265000,34801.870000,238.000000,237768.000000
Small Office,Bradbury,7.000000,210.000000,194.000000,1087.000000,0.970000,5.435000,153.260000,858.730000,75.500000,139.000000,32.000000,171244.898000,6.405000,1011.990000,214.500000,171276.898000
Medium Office,Bradbury,7.000000,210.000000,5131.000000,1087.000000,25.655000,5.435000,4053.490000,858.730000,75.500000,139.000000,60.000000,171244.898000,31.090000,4912.220000,214.500000,171304.898000
Large Office,Bradbury,7.000000,210.000000,9893.000000,1087.000000,49.465000,5.435000,7815.470000,858.730000,75.500000,139.000000,62.000000,171244.898000,54.900000,8674.200000,214.500000,171306.898000
Primary School,Bradbury,7.000000,210.000000,9245.000000,1087.000000,46.225000,5.435000,7303.550000,858.730000,75.500000,139.000000,24.000000,171244.898000,51.660000,8162.280000,214.500000,171268.898000
Secondary School,Bradbury,7.000000,210.000000,17574.000000,1087.000000,87.870000,5.435000,13883.460000,858.730000,75.500000,139.000000,66.000000,171244.898000,93.305000,14742.190000,214.500000,171310.898000
University,Bradbury,7.000000,210.000000,37808.000000,1087.000000,189.040000,5.435000,29868.320000,858.730000,101.000000,139.000000,190.000000,171244.898000,194.475000,30727.050000,240.000000,171434.898000
Hospital,Bradbury,7.000000,210.000000,2969.000000,1087.000000,14.845000,5.435000,2345.510000,858.730000,101.000000,139.000000,122.000000,171244.898000,20.280000,3204.240000,240.000000,171366.898000
Mall,Bradbury,7.000000,210.000000,9182.000000,1087.000000,45.910000,5.435000,7253.780000,858.730000,101.000000,139.000000,288.000000,171244.898000,51.345000,8112.510000,240.000000,171532.898000
Small Office,"Burbank, CA",7.000000,5.000000,194.000000,105368.000000,0.970000,526.840000,153.260000,83240.720000,75.500000,137.000000,32.000000,176685.714300,527.810000,83393.980000,212.500000,176717.714300
Medium Office,"Burbank, CA",7.000000,5.000000,5131.000000,105368.000000,25.655000,526.840000,4053.490000,83240.720000,75.500000,137.000000,60.000000,176685.714300,552.495000,87294.210000,212.500000,176745.714300
Large Office,"Burbank, CA",7.000000,5.000000,9893.000000,105368.000000,49.465000,526.840000,7815.470000,83240.720000,75.500000,137.000000,62.000000,176685.714300,576.305000,91056.190000,212.500000,176747.714300
Primary School,"Burbank, CA",7.000000,5.000000,9245.000000,105368.000000,46.225000,526.840000,7303.550000,83240.720000,75.500000,137.000000,24.000000,176685.714300,573.065000,90544.270000,212.500000,176709.714300
Secondary School,"Burbank, CA",7.000000,5.000000,17574.000000,105368.000000,87.870000,526.840000,13883.460000,83240.720000,75.500000,137.000000,66.000000,176685.714300,614.710000,97124.180000,212.500000,176751.714300
University,"Burbank, CA",7.000000,5.000000,37808.000000,105368.000000,189.040000,526.840000,29868.320000,83240.720000,101.000000,137.000000,190.000000,176685.714300,715.880000,113109.040000,238.000000,176875.714300
Hospital,"Burbank, CA",7.000000,5.000000,2969.000000,105368.000000,14.845000,526.840000,2345.510000,83240.720000,101.000000,137.000000,122.000000,176685.714300,541.685000,85586.230000,238.000000,176807.714300
Mall,"Burbank, CA",7.000000,5.000000,9182.000000,105368.000000,45.910000,526.840000,7253.780000,83240.720000,101.000000,137.000000,288.000000,176685.714300,572.750000,90494.500000,238.000000,176973.714300
Small Office,Calabasas,7.000000,101.000000,194.000000,24296.000000,0.970000,121.480000,153.260000,19193.840000,75.500000,130.000000,32.000000,192269.230800,122.450000,19347.100000,205.500000,192301.230800
Medium Office,Calabasas,7.000000,101.000000,5131.000000,24296.000000,25.655000,121.480000,4053.490000,19193.840000,75.500000,130.000000,60.000000,192269.230800,147.135000,23247.330000,205.500000,192329.230800
Large Office,Calabasas,7.000000,101.000000,9893.000000,24296.000000,49.465000,121.480000,7815.470000,19193.840000,75.500000,130.000000,62.000000,192269.230800,170.945000,27009.310000,205.500000,192331.230800
Primary School,Calabasas,7.000000,101.000000,9245.000000,24296.000000,46.225000,121.480000,7303.550000,19193.840000,75.500000,130.000000,24.000000,192269.230800,167.705000,26497.390000,205.500000,192293.230800
Secondary School,Calabasas,7.000000,101.000000,17574.000000,24296.000000,87.870000,121.480000,13883.460000,19193.840000,75.500000,130.000000,66.000000,192269.230800,209.350000,33077.300000,205.500000,192335.230800
University,Calabasas,7.000000,101.000000,37808.000000,24296.000000,189.040000,121.480000,29868.320000,19193.840000,101.000000,130.000000,190.000000,192269.230800,310.520000,49062.160000,231.000000,192459.230800
Hospital,Calabasas,7.000000,101.000000,2969.000000,24296.000000,14.845000,121.480000,2345.510000,19193.840000,101.000000,130.000000,122.000000,192269.230800,136.325000,21539.350000,231.000000,192391.230800
Mall,Calabasas,7.000000,101.000000,9182.000000,24296.000000,45.910000,121.480000,7253.780000,19193.840000,101.000000,130.000000,288.000000,192269.230800,167.390000,26447.620000,231.000000,192557.230800
Small Office,"Carson, CA",7.000000,110.000000,194.000000,93271.000000,0.970000,466.355000,153.260000,73684.090000,75.500000,124.000000,32.000000,169423.913000,467.325000,73837.350000,199.500000,169455.913000
Medium Office,"Carson, CA",7.000000,110.000000,5131.000000,93271.000000,25.655000,466.355000,4053.490000,73684.090000,75.500000,124.000000,60.000000,169423.913000,492.010000,77737.580000,199.500000,169483.913000
Large Office,"Carson, CA",7.000000,110.000000,9893.000000,93271.000000,49.465000,466.355000,7815.470000,73684.090000,75.500000,124.000000,62.000000,169423.913000,515.820000,81499.560000,199.500000,169485.913000
Primary School,"Carson, CA",7.000000,110.000000,9245.000000,93271.000000,46.225000,466.355000,7303.550000,73684.090000,75.500000,124.000000,24.000000,169423.913000,512.580000,80987.640000,199.500000,169447.913000
Secondary School,"Carson, CA",7.000000,110.000000,17574.000000,93271.000000,87.870000,466.355000,13883.460000,73684.090000,75.500000,124.000000,66.000000,169423.913000,554.225000,87567.550000,199.500000,169489.913000
University,"Carson, CA",7.000000,110.000000,37808.000000,93271.000000,189.040000,466.355000,29868.320000,73684.090000,101.000000,124.000000,190.000000,169423.913000,655.395000,103552.410000,225.000000,169613.913000
Hospital,"Carson, CA",7.000000,110.000000,2969.000000,93271.000000,14.845000,466.355000,2345.510000,73684.090000,101.000000,124.000000,122.000000,169423.913000,481.200000,76029.600000,225.000000,169545.913000
Mall,"Carson, CA",7.000000,110.000000,9182.000000,93271.000000,45.910000,466.355000,7253.780000,73684.090000,101.000000,124.000000,288.000000,169423.913000,512.265000,80937.870000,225.000000,169711.913000
Small Office,Castaic,7.000000,5.000000,194.000000,19015.000000,0.970000,95.075000,153.260000,15021.850000,75.500000,130.000000,32.000000,176685.714300,96.045000,15175.110000,205.500000,176717.714300
Medium Office,Castaic,7.000000,5.000000,5131.000000,19015.000000,25.655000,95.075000,4053.490000,15021.850000,75.500000,130.000000,60.000000,176685.714300,120.730000,19075.340000,205.500000,176745.714300
Large Office,Castaic,7.000000,5.000000,9893.000000,19015.000000,49.465000,95.075000,7815.470000,15021.850000,75.500000,130.000000,62.000000,176685.714300,144.540000,22837.320000,205.500000,176747.714300
Primary School,Castaic,7.000000,5.000000,9245.000000,19015.000000,46.225000,95.075000,7303.550000,15021.850000,75.500000,130.000000,24.000000,176685.714300,141.300000,22325.400000,205.500000,176709.714300
Secondary School,Castaic,7.000000,5.000000,17574.000000,19015.000000,87.870000,95.075000,13883.460000,15021.850000,75.500000,130.000000,66.000000,176685.714300,182.945000,28905.310000,205.500000,176751.714300
University,Castaic,7.000000,5.000000,37808.000000,19015.000000,189.040000,95.075000,29868.320000,15021.850000,101.000000,130.000000,190.000000,176685.714300,284.115000,44890.170000,231.000000,176875.714300
Hospital,Castaic,7.000000,5.000000,2969.000000,19015.000000,14.845000,95.075000,2345.510000,15021.850000,101.000000,130.000000,122.000000,176685.714300,109.920000,17367.360000,231.000000,176807.714300
Mall,Castaic,7.000000,5.000000,9182.000000,19015.000000,45.910000,95.075000,7253.780000,15021.850000,101.000000,130.000000,288.000000,176685.714300,140.985000,22275.630000,231.000000,176973.714300
Small Office,Cerritos,7.000000,91.000000,194.000000,50004.000000,0.970000,250.020000,153.260000,39503.160000,75.500000,140.000000,32.000000,217095.238100,250.990000,39656.420000,215.500000,217127.238100
Medium Office,Cerritos,7.000000,91.000000,5131.000000,50004.000000,25.655000,250.020000,4053.490000,39503.160000,75.500000,140.000000,60.000000,217095.238100,275.675000,43556.650000,215.500000,217155.238100
Large Office,Cerritos,7.000000,91.000000,9893.000000,50004.000000,49.465000,250.020000,7815.470000,39503.160000,75.500000,140.000000,62.000000,217095.238100,299.485000,47318.630000,215.500000,217157.238100
Primary School,Cerritos,7.000000,91.000000,9245.000000,50004.000000,46.225000,250.020000,7303.550000,39503.160000,75.500000,140.000000,24.000000,217095.238100,296.245000,46806.710000,215.500000,217119.238100
Secondary School,Cerritos,7.000000,91.000000,17574.000000,50004.000000,87.870000,250.020000,13883.460000,39503.160000,75.500000,140.000000,66.000000,217095.238100,337.890000,53386.620000,215.500000,217161.238100
University,Cerritos,7.000000,91.000000,37808.000000,50004.000000,189.040000,250.020000,29868.320000,39503.160000,101.000000,140.000000,190.000000,217095.238100,439.060000,69371.480000,241.000000,217285.238100
Hospital,Cerritos,7.000000,91.000000,2969.000000,50004.000000,14.845000,250.020000,2345.510000,39503.160000,101.000000,140.000000,122.000000,217095.238100,264.865000,41848.670000,241.000000,217217.238100
Mall,Cerritos,7.000000,91.000000,9182.000000,50004.000000,45.910000,250.020000,7253.780000,39503.160000,101.000000,140.000000,288.000000,217095.238100,295.930000,46756.940000,241.000000,217383.238100
Small Office,"Charter Oak, CA",7.000000,39.000000,194.000000,9310.000000,0.970000,46.550000,153.260000,7354.900000,75.500000,143.000000,32.000000,1190.000000,47.520000,7508.160000,218.500000,1222.000000
Medium Office,"Charter Oak, CA",7.000000,39.000000,5131.000000,9310.000000,25.655000,46.550000,4053.490000,7354.900000,75.500000,143.000000,60.000000,1190.000000,72.205000,11408.390000,218.500000,1250.000000
Large Office,"Charter Oak, CA",7.000000,39.000000,9893.000000,9310.000000,49.465000,46.550000,7815.470000,7354.900000,75.500000,143.000000,62.000000,1190.000000,96.015000,15170.370000,218.500000,1252.000000
Primary School,"Charter Oak, CA",7.000000,39.000000,9245.000000,9310.000000,46.225000,46.550000,7303.550000,7354.900000,75.500000,143.000000,24.000000,1190.000000,92.775000,14658.450000,218.500000,1214.000000
Secondary School,"Charter Oak, CA",7.000000,39.000000,17574.000000,9310.000000,87.870000,46.550000,13883.460000,7354.900000,75.500000,143.000000,66.000000,1190.000000,134.420000,21238.360000,218.500000,1256.000000
University,"Charter Oak, CA",7.000000,39.000000,37808.000000,9310.000000,189.040000,46.550000,29868.320000,7354.900000,101.000000,143.000000,190.000000,1190.000000,235.590000,37223.220000,244.000000,1380.000000
Hospital,"Charter Oak, CA",7.000000,39.000000,2969.000000,9310.000000,14.845000,46.550000,2345.510000,7354.900000,101.000000,143.000000,122.000000,1190.000000,61.395000,9700.410000,244.000000,1312.000000
Mall,"Charter Oak, CA",7.000000,39.000000,9182.000000,9310.000000,45.910000,46.550000,7253.780000,7354.900000,101.000000,143.000000,288.000000,1190.000000,92.460000,14608.680000,244.000000,1478.000000
Small Office,Citrus,7.000000,210.000000,194.000000,10866.000000,0.970000,54.330000,153.260000,8584.140000,75.500000,143.000000,32.000000,171244.898000,55.300000,8737.400000,218.500000,171276.898000
Medium Office,Citrus,7.000000,210.000000,5131.000000,10866.000000,25.655000,54.330000,4053.490000,8584.140000,75.500000,143.000000,60.000000,171244.898000,79.985000,12637.630000,218.500000,171304.898000
Large Office,Citrus,7.000000,210.000000,9893.000000,10866.000000,49.465000,54.330000,7815.470000,8584.140000,75.500000,143.000000,62.000000,171244.898000,103.795000,16399.610000,218.500000,171306.898000
Primary School,Citrus,7.000000,210.000000,9245.000000,10866.000000,46.225000,54.330000,7303.550000,8584.140000,75.500000,143.000000,24.000000,171244.898000,100.555000,15887.690000,218.500000,171268.898000
Secondary School,Citrus,7.000000,210.000000,17574.000000,10866.000000,87.870000,54.330000,13883.460000,8584.140000,75.500000,143.000000,66.000000,171244.898000,142.200000,22467.600000,218.500000,171310.898000
University,Citrus,7.000000,210.000000,37808.000000,10866.000000,189.040000,54.330000,29868.320000,8584.140000,101.000000,143.000000,190.000000,171244.898000,243.370000,38452.460000,244.000000,171434.898000
Hospital,Citrus,7.000000,210.000000,2969.000000,10866.000000,14.845000,54.330000,2345.510000,8584.140000,101.000000,143.000000,122.000000,171244.898000,69.175000,10929.650000,244.000000,171366.898000
Mall,Citrus,7.000000,210.000000,9182.000000,10866.000000,45.910000,54.330000,7253.780000,8584.140000,101.000000,143.000000,288.000000,171244.898000,100.240000,15837.920000,244.000000,171532.898000
Small Office,"Claremont, CA",7.000000,66.000000,194.000000,36054.000000,0.970000,180.270000,153.260000,28482.660000,75.500000,144.000000,32.000000,19800.000000,181.240000,28635.920000,219.500000,19832.000000
Medium Office,"Claremont, CA",7.000000,66.000000,5131.000000,36054.000000,25.655000,180.270000,4053.490000,28482.660000,75.500000,144.000000,60.000000,19800.000000,205.925000,32536.150000,219.500000,19860.000000
Large Office,"Claremont, CA",7.000000,66.000000,9893.000000,36054.000000,49.465000,180.270000,7815.470000,28482.660000,75.500000,144.000000,62.000000,19800.000000,229.735000,36298.130000,219.500000,19862.000000
Primary School,"Claremont, CA",7.000000,66.000000,9245.000000,36054.000000,46.225000,180.270000,7303.550000,28482.660000,75.500000,144.000000,24.000000,19800.000000,226.495000,35786.210000,219.500000,19824.000000
Secondary School,"Claremont, CA",7.000000,66.000000,17574.000000,36054.000000,87.870000,180.270000,13883.460000,28482.660000,75.500000,144.000000,66.000000,19800.000000,268.140000,42366.120000,219.500000,19866.000000
University,"Claremont, CA",7.000000,66.000000,37808.000000,36054.000000,189.040000,180.270000,29868.320000,28482.660000,101.000000,144.000000,190.000000,19800.000000,369.310000,58350.980000,245.000000,19990.000000
Hospital,"Claremont, CA",7.000000,66.000000,2969.000000,36054.000000,14.845000,180.270000,2345.510000,28482.660000,101.000000,144.000000,122.000000,19800.000000,195.115000,30828.170000,245.000000,19922.000000
Mall,"Claremont, CA",7.000000,66.000000,9182.000000,36054.000000,45.910000,180.270000,7253.780000,28482.660000,101.000000,144.000000,288.000000,19800.000000,226.180000,35736.440000,245.000000,20088.000000
Small Office,"Commerce, CA",7.000000,5.000000,194.000000,13076.000000,0.970000,65.380000,153.260000,10330.040000,75.500000,140.000000,32.000000,176685.714300,66.350000,10483.300000,215.500000,176717.714300
Medium Office,"Commerce, CA",7.000000,5.000000,5131.000000,13076.000000,25.655000,65.380000,4053.490000,10330.040000,75.500000,140.000000,60.000000,176685.714300,91.035000,14383.530000,215.500000,176745.714300
Large Office,"Commerce, CA",7.000000,5.000000,9893.000000,13076.000000,49.465000,65.380000,7815.470000,10330.040000,75.500000,140.000000,62.000000,176685.714300,114.845000,18145.510000,215.500000,176747.714300
Primary School,"Commerce, CA",7.000000,5.000000,9245.000000,13076.000000,46.225000,65.380000,7303.550000,10330.040000,75.500000,140.000000,24.000000,176685.714300,111.605000,17633.590000,215.500000,176709.714300
Secondary School,"Commerce, CA",7.000000,5.000000,17574.000000,13076.000000,87.870000,65.380000,13883.460000,10330.040000,75.500000,140.000000,66.000000,176685.714300,153.250000,24213.500000,215.500000,176751.714300
University,"Commerce, CA",7.000000,5.000000,37808.000000,13076.000000,189.040000,65.380000,29868.320000,10330.040000,101.000000,140.000000,190.000000,176685.714300,254.420000,40198.360000,241.000000,176875.714300
Hospital,"Commerce, CA",7.000000,5.000000,2969.000000,13076.000000,14.845000,65.380000,2345.510000,10330.040000,101.000000,140.000000,122.000000,176685.714300,80.225000,12675.550000,241.000000,176807.714300
Mall,"Commerce, CA",7.000000,5.000000,9182.000000,13076.000000,45.910000,65.380000,7253.780000,10330.040000,101.000000,140.000000,288.000000,176685.714300,111.290000,17583.820000,241.000000,176973.714300
Small Office,"Compton, CA",7.000000,710.000000,194.000000,98597.000000,0.970000,492.985000,153.260000,77891.630000,75.500000,135.000000,32.000000,119689.655200,493.955000,78044.890000,210.500000,119721.655200
Medium Office,"Compton, CA",7.000000,710.000000,5131.000000,98597.000000,25.655000,492.985000,4053.490000,77891.630000,75.500000,135.000000,60.000000,119689.655200,518.640000,81945.120000,210.500000,119749.655200
Large Office,"Compton, CA",7.000000,710.000000,9893.000000,98597.000000,49.465000,492.985000,7815.470000,77891.630000,75.500000,135.000000,62.000000,119689.655200,542.450000,85707.100000,210.500000,119751.655200
Primary School,"Compton, CA",7.000000,710.000000,9245.000000,98597.000000,46.225000,492.985000,7303.550000,77891.630000,75.500000,135.000000,24.000000,119689.655200,539.210000,85195.180000,210.500000,119713.655200
Secondary School,"Compton, CA",7.000000,710.000000,17574.000000,98597.000000,87.870000,492.985000,13883.460000,77891.630000,75.500000,135.000000,66.000000,119689.655200,580.855000,91775.090000,210.500000,119755.655200
University,"Compton, CA",7.000000,710.000000,37808.000000,98597.000000,189.040000,492.985000,29868.320000,77891.630000,101.000000,135.000000,190.000000,119689.655200,682.025000,107759.950000,236.000000,119879.655200
Hospital,"Compton, CA",7.000000,710.000000,2969.000000,98597.000000,14.845000,492.985000,2345.510000,77891.630000,101.000000,135.000000,122.000000,119689.655200,507.830000,80237.140000,236.000000,119811.655200
Mall,"Compton, CA",7.000000,710.000000,9182.000000,98597.000000,45.910000,492.985000,7253.780000,77891.630000,101.000000,135.000000,288.000000,119689.655200,538.895000,85145.410000,236.000000,119977.655200
Small Office,Covina,7.000000,39.000000,194.000000,49002.000000,0.970000,245.010000,153.260000,38711.580000,75.500000,143.000000,32.000000,1190.000000,245.980000,38864.840000,218.500000,1222.000000
Medium Office,Covina,7.000000,39.000000,5131.000000,49002.000000,25.655000,245.010000,4053.490000,38711.580000,75.500000,143.000000,60.000000,1190.000000,270.665000,42765.070000,218.500000,1250.000000
Large Office,Covina,7.000000,39.000000,9893.000000,49002.000000,49.465000,245.010000,7815.470000,38711.580000,75.500000,143.000000,62.000000,1190.000000,294.475000,46527.050000,218.500000,1252.000000
Primary School,Covina,7.000000,39.000000,9245.000000,49002.000000,46.225000,245.010000,7303.550000,38711.580000,75.500000,143.000000,24.000000,1190.000000,291.235000,46015.130000,218.500000,1214.000000
Secondary School,Covina,7.000000,39.000000,17574.000000,49002.000000,87.870000,245.010000,13883.460000,38711.580000,75.500000,143.000000,66.000000,1190.000000,332.880000,52595.040000,218.500000,1256.000000
University,Covina,7.000000,39.000000,37808.000000,49002.000000,189.040000,245.010000,29868.320000,38711.580000,101.000000,143.000000,190.000000,1190.000000,434.050000,68579.900000,244.000000,1380.000000
Hospital,Covina,7.000000,39.000000,2969.000000,49002.000000,14.845000,245.010000,2345.510000,38711.580000,101.000000,143.000000,122.000000,1190.000000,259.855000,41057.090000,244.000000,1312.000000
Mall,Covina,7.000000,39.000000,9182.000000,49002.000000,45.910000,245.010000,7253.780000,38711.580000,101.000000,143.000000,288.000000,1190.000000,290.920000,45965.360000,244.000000,1478.000000
Small Office,"Cudahy, CA",7.000000,710.000000,194.000000,24291.000000,0.970000,121.455000,153.260000,19189.890000,75.500000,140.000000,32.000000,119689.655200,122.425000,19343.150000,215.500000,119721.655200
Medium Office,"Cudahy, CA",7.000000,710.000000,5131.000000,24291.000000,25.655000,121.455000,4053.490000,19189.890000,75.500000,140.000000,60.000000,119689.655200,147.110000,23243.380000,215.500000,119749.655200
Large Office,"Cudahy, CA",7.000000,710.000000,9893.000000,24291.000000,49.465000,121.455000,7815.470000,19189.890000,75.500000,140.000000,62.000000,119689.655200,170.920000,27005.360000,215.500000,119751.655200
Primary School,"Cudahy, CA",7.000000,710.000000,9245.000000,24291.000000,46.225000,121.455000,7303.550000,19189.890000,75.500000,140.000000,24.000000,119689.655200,167.680000,26493.440000,215.500000,119713.655200
Secondary School,"Cudahy, CA",7.000000,710.000000,17574.000000,24291.000000,87.870000,121.455000,13883.460000,19189.890000,75.500000,140.000000,66.000000,119689.655200,209.325000,33073.350000,215.500000,119755.655200
University,"Cudahy, CA",7.000000,710.000000,37808.000000,24291.000000,189.040000,121.455000,29868.320000,19189.890000,101.000000,140.000000,190.000000,119689.655200,310.495000,49058.210000,241.000000,119879.655200
Hospital,"Cudahy, CA",7.000000,710.000000,2969.000000,24291.000000,14.845000,121.455000,2345.510000,19189.890000,101.000000,140.000000,122.000000,119689.655200,136.300000,21535.400000,241.000000,119811.655200
Mall,"Cudahy, CA",7.000000,710.000000,9182.000000,24291.000000,45.910000,121.455000,7253.780000,19189.890000,101.000000,140.000000,288.000000,119689.655200,167.365000,26443.670000,241.000000,119977.655200
Small Office,Culver City,7.000000,10.000000,194.000000,39691.000000,0.970000,198.455000,153.260000,31355.890000,75.500000,134.000000,32.000000,225827.586200,199.425000,31509.150000,209.500000,225859.586200
Medium Office,Culver City,7.000000,10.000000,5131.000000,39691.000000,25.655000,198.455000,4053.490000,31355.890000,75.500000,134.000000,60.000000,225827.586200,224.110000,35409.380000,209.500000,225887.586200
Large Office,Culver City,7.000000,10.000000,9893.000000,39691.000000,49.465000,198.455000,7815.470000,31355.890000,75.500000,134.000000,62.000000,225827.586200,247.920000,39171.360000,209.500000,225889.586200
Primary School,Culver City,7.000000,10.000000,9245.000000,39691.000000,46.225000,198.455000,7303.550000,31355.890000,75.500000,134.000000,24.000000,225827.586200,244.680000,38659.440000,209.500000,225851.586200
Secondary School,Culver City,7.000000,10.000000,17574.000000,39691.000000,87.870000,198.455000,13883.460000,31355.890000,75.500000,134.000000,66.000000,225827.586200,286.325000,45239.350000,209.500000,225893.586200
University,Culver City,7.000000,10.000000,37808.000000,39691.000000,189.040000,198.455000,29868.320000,31355.890000,101.000000,134.000000,190.000000,225827.586200,387.495000,61224.210000,235.000000,226017.586200
Hospital,Culver City,7.000000,10.000000,2969.000000,39691.000000,14.845000,198.455000,2345.510000,31355.890000,101.000000,134.000000,122.000000,225827.586200,213.300000,33701.400000,235.000000,225949.586200
Mall,Culver City,7.000000,10.000000,9182.000000,39691.000000,45.910000,198.455000,7253.780000,31355.890000,101.000000,134.000000,288.000000,225827.586200,244.365000,38609.670000,235.000000,226115.586200
Small Office,Del Aire,7.000000,405.000000,194.000000,10001.000000,0.970000,50.005000,153.260000,7900.790000,75.500000,134.000000,32.000000,237480.000000,50.975000,8054.050000,209.500000,237512.000000
Medium Office,Del Aire,7.000000,405.000000,5131.000000,10001.000000,25.655000,50.005000,4053.490000,7900.790000,75.500000,134.000000,60.000000,237480.000000,75.660000,11954.280000,209.500000,237540.000000
Large Office,Del Aire,7.000000,405.000000,9893.000000,10001.000000,49.465000,50.005000,7815.470000,7900.790000,75.500000,134.000000,62.000000,237480.000000,99.470000,15716.260000,209.500000,237542.000000
Primary School,Del Aire,7.000000,405.000000,9245.000000,10001.000000,46.225000,50.005000,7303.550000,7900.790000,75.500000,134.000000,24.000000,237480.000000,96.230000,15204.340000,209.500000,237504.000000
Secondary School,Del Aire,7.000000,405.000000,17574.000000,10001.000000,87.870000,50.005000,13883.460000,7900.790000,75.500000,134.000000,66.000000,237480.000000,137.875000,21784.250000,209.500000,237546.000000
University,Del Aire,7.000000,405.000000,37808.000000,10001.000000,189.040000,50.005000,29868.320000,7900.790000,101.000000,134.000000,190.000000,237480.000000,239.045000,37769.110000,235.000000,237670.000000
Hospital,Del Aire,7.000000,405.000000,2969.000000,10001.000000,14.845000,50.005000,2345.510000,7900.790000,101.000000,134.000000,122.000000,237480.000000,64.850000,10246.300000,235.000000,237602.000000
Mall,Del Aire,7.000000,405.000000,9182.000000,10001.000000,45.910000,50.005000,7253.780000,7900.790000,101.000000,134.000000,288.000000,237480.000000,95.915000,15154.570000,235.000000,237768.000000
Small Office,Desert View Highlands,7.000000,14.000000,194.000000,2360.000000,0.970000,11.800000,153.260000,1864.400000,75.500000,94.600000,32.000000,82357.142860,12.770000,2017.660000,170.100000,82389.142860
Medium Office,Desert View Highlands,7.000000,14.000000,5131.000000,2360.000000,25.655000,11.800000,4053.490000,1864.400000,75.500000,94.600000,60.000000,82357.142860,37.455000,5917.890000,170.100000,82417.142860
Large Office,Desert View Highlands,7.000000,14.000000,9893.000000,2360.000000,49.465000,11.800000,7815.470000,1864.400000,75.500000,94.600000,62.000000,82357.142860,61.265000,9679.870000,170.100000,82419.142860
Primary School,Desert View Highlands,7.000000,14.000000,9245.000000,2360.000000,46.225000,11.800000,7303.550000,1864.400000,75.500000,94.600000,24.000000,82357.142860,58.025000,9167.950000,170.100000,82381.142860
Secondary School,Desert View Highlands,7.000000,14.000000,17574.000000,2360.000000,87.870000,11.800000,13883.460000,1864.400000,75.500000,94.600000,66.000000,82357.142860,99.670000,15747.860000,170.100000,82423.142860
University,Desert View Highlands,7.000000,14.000000,37808.000000,2360.000000,189.040000,11.800000,29868.320000,1864.400000,101.000000,94.600000,190.000000,82357.142860,200.840000,31732.720000,195.600000,82547.142860
Hospital,Desert View Highlands,7.000000,14.000000,2969.000000,2360.000000,14.845000,11.800000,2345.510000,1864.400000,101.000000,94.600000,122.000000,82357.142860,26.645000,4209.910000,195.600000,82479.142860
Mall,Desert View Highlands,7.000000,14.000000,9182.000000,2360.000000,45.910000,11.800000,7253.780000,1864.400000,101.000000,94.600000,288.000000,82357.142860,57.710000,9118.180000,195.600000,82645.142860
Small Office,Diamond Bar,7.000000,57.000000,194.000000,56784.000000,0.970000,283.920000,153.260000,44859.360000,75.500000,145.000000,32.000000,135733.333300,284.890000,45012.620000,220.500000,135765.333300
Medium Office,Diamond Bar,7.000000,57.000000,5131.000000,56784.000000,25.655000,283.920000,4053.490000,44859.360000,75.500000,145.000000,60.000000,135733.333300,309.575000,48912.850000,220.500000,135793.333300
Large Office,Diamond Bar,7.000000,57.000000,9893.000000,56784.000000,49.465000,283.920000,7815.470000,44859.360000,75.500000,145.000000,62.000000,135733.333300,333.385000,52674.830000,220.500000,135795.333300
Primary School,Diamond Bar,7.000000,57.000000,9245.000000,56784.000000,46.225000,283.920000,7303.550000,44859.360000,75.500000,145.000000,24.000000,135733.333300,330.145000,52162.910000,220.500000,135757.333300
Secondary School,Diamond Bar,7.000000,57.000000,17574.000000,56784.000000,87.870000,283.920000,13883.460000,44859.360000,75.500000,145.000000,66.000000,135733.333300,371.790000,58742.820000,220.500000,135799.333300
University,Diamond Bar,7.000000,57.000000,37808.000000,56784.000000,189.040000,283.920000,29868.320000,44859.360000,101.000000,145.000000,190.000000,135733.333300,472.960000,74727.680000,246.000000,135923.333300
Hospital,Diamond Bar,7.000000,57.000000,2969.000000,56784.000000,14.845000,283.920000,2345.510000,44859.360000,101.000000,145.000000,122.000000,135733.333300,298.765000,47204.870000,246.000000,135855.333300
Mall,Diamond Bar,7.000000,57.000000,9182.000000,56784.000000,45.910000,283.920000,7253.780000,44859.360000,101.000000,145.000000,288.000000,135733.333300,329.830000,52113.140000,246.000000,136021.333300
Small Office,"Downey, CA",7.000000,605.000000,194.000000,114172.000000,0.970000,570.860000,153.260000,90195.880000,75.500000,140.000000,32.000000,211740.740700,571.830000,90349.140000,215.500000,211772.740700
Medium Office,"Downey, CA",7.000000,605.000000,5131.000000,114172.000000,25.655000,570.860000,4053.490000,90195.880000,75.500000,140.000000,60.000000,211740.740700,596.515000,94249.370000,215.500000,211800.740700
Large Office,"Downey, CA",7.000000,605.000000,9893.000000,114172.000000,49.465000,570.860000,7815.470000,90195.880000,75.500000,140.000000,62.000000,211740.740700,620.325000,98011.350000,215.500000,211802.740700
Primary School,"Downey, CA",7.000000,605.000000,9245.000000,114172.000000,46.225000,570.860000,7303.550000,90195.880000,75.500000,140.000000,24.000000,211740.740700,617.085000,97499.430000,215.500000,211764.740700
Secondary School,"Downey, CA",7.000000,605.000000,17574.000000,114172.000000,87.870000,570.860000,13883.460000,90195.880000,75.500000,140.000000,66.000000,211740.740700,658.730000,104079.340000,215.500000,211806.740700
University,"Downey, CA",7.000000,605.000000,37808.000000,114172.000000,189.040000,570.860000,29868.320000,90195.880000,101.000000,140.000000,190.000000,211740.740700,759.900000,120064.200000,241.000000,211930.740700
Hospital,"Downey, CA",7.000000,605.000000,2969.000000,114172.000000,14.845000,570.860000,2345.510000,90195.880000,101.000000,140.000000,122.000000,211740.740700,585.705000,92541.390000,241.000000,211862.740700
Mall,"Downey, CA",7.000000,605.000000,9182.000000,114172.000000,45.910000,570.860000,7253.780000,90195.880000,101.000000,140.000000,288.000000,211740.740700,616.770000,97449.660000,241.000000,212028.740700
Small Office,Duarte,7.000000,210.000000,194.000000,22006.000000,0.970000,110.030000,153.260000,17384.740000,75.500000,139.000000,32.000000,171244.898000,111.000000,17538.000000,214.500000,171276.898000
Medium Office,Duarte,7.000000,210.000000,5131.000000,22006.000000,25.655000,110.030000,4053.490000,17384.740000,75.500000,139.000000,60.000000,171244.898000,135.685000,21438.230000,214.500000,171304.898000
Large Office,Duarte,7.000000,210.000000,9893.000000,22006.000000,49.465000,110.030000,7815.470000,17384.740000,75.500000,139.000000,62.000000,171244.898000,159.495000,25200.210000,214.500000,171306.898000
Primary School,Duarte,7.000000,210.000000,9245.000000,22006.000000,46.225000,110.030000,7303.550000,17384.740000,75.500000,139.000000,24.000000,171244.898000,156.255000,24688.290000,214.500000,171268.898000
Secondary School,Duarte,7.000000,210.000000,17574.000000,22006.000000,87.870000,110.030000,13883.460000,17384.740000,75.500000,139.000000,66.000000,171244.898000,197.900000,31268.200000,214.500000,171310.898000
University,Duarte,7.000000,210.000000,37808.000000,22006.000000,189.040000,110.030000,29868.320000,17384.740000,101.000000,139.000000,190.000000,171244.898000,299.070000,47253.060000,240.000000,171434.898000
Hospital,Duarte,7.000000,210.000000,2969.000000,22006.000000,14.845000,110.030000,2345.510000,17384.740000,101.000000,139.000000,122.000000,171244.898000,124.875000,19730.250000,240.000000,171366.898000
Mall,Duarte,7.000000,210.000000,9182.000000,22006.000000,45.910000,110.030000,7253.780000,17384.740000,101.000000,139.000000,288.000000,171244.898000,155.940000,24638.520000,240.000000,171532.898000
Small Office,East Compton,7.000000,91.000000,194.000000,9472.000000,0.970000,47.360000,153.260000,7482.880000,75.500000,135.000000,32.000000,217095.238100,48.330000,7636.140000,210.500000,217127.238100
Medium Office,East Compton,7.000000,91.000000,5131.000000,9472.000000,25.655000,47.360000,4053.490000,7482.880000,75.500000,135.000000,60.000000,217095.238100,73.015000,11536.370000,210.500000,217155.238100
Large Office,East Compton,7.000000,91.000000,9893.000000,9472.000000,49.465000,47.360000,7815.470000,7482.880000,75.500000,135.000000,62.000000,217095.238100,96.825000,15298.350000,210.500000,217157.238100
Primary School,East Compton,7.000000,91.000000,9245.000000,9472.000000,46.225000,47.360000,7303.550000,7482.880000,75.500000,135.000000,24.000000,217095.238100,93.585000,14786.430000,210.500000,217119.238100
Secondary School,East Compton,7.000000,91.000000,17574.000000,9472.000000,87.870000,47.360000,13883.460000,7482.880000,75.500000,135.000000,66.000000,217095.238100,135.230000,21366.340000,210.500000,217161.238100
University,East Compton,7.000000,91.000000,37808.000000,9472.000000,189.040000,47.360000,29868.320000,7482.880000,101.000000,135.000000,190.000000,217095.238100,236.400000,37351.200000,236.000000,217285.238100
Hospital,East Compton,7.000000,91.000000,2969.000000,9472.000000,14.845000,47.360000,2345.510000,7482.880000,101.000000,135.000000,122.000000,217095.238100,62.205000,9828.390000,236.000000,217217.238100
Mall,East Compton,7.000000,91.000000,9182.000000,9472.000000,45.910000,47.360000,7253.780000,7482.880000,101.000000,135.000000,288.000000,217095.238100,93.270000,14736.660000,236.000000,217383.238100
Small Office,East La Mirada,7.000000,90.000000,194.000000,9757.000000,0.970000,48.785000,153.260000,7708.030000,75.500000,142.000000,32.000000,51100.000000,49.755000,7861.290000,217.500000,51132.000000
Medium Office,East La Mirada,7.000000,90.000000,5131.000000,9757.000000,25.655000,48.785000,4053.490000,7708.030000,75.500000,142.000000,60.000000,51100.000000,74.440000,11761.520000,217.500000,51160.000000
Large Office,East La Mirada,7.000000,90.000000,9893.000000,9757.000000,49.465000,48.785000,7815.470000,7708.030000,75.500000,142.000000,62.000000,51100.000000,98.250000,15523.500000,217.500000,51162.000000
Primary School,East La Mirada,7.000000,90.000000,9245.000000,9757.000000,46.225000,48.785000,7303.550000,7708.030000,75.500000,142.000000,24.000000,51100.000000,95.010000,15011.580000,217.500000,51124.000000
Secondary School,East La Mirada,7.000000,90.000000,17574.000000,9757.000000,87.870000,48.785000,13883.460000,7708.030000,75.500000,142.000000,66.000000,51100.000000,136.655000,21591.490000,217.500000,51166.000000
University,East La Mirada,7.000000,90.000000,37808.000000,9757.000000,189.040000,48.785000,29868.320000,7708.030000,101.000000,142.000000,190.000000,51100.000000,237.825000,37576.350000,243.000000,51290.000000
Hospital,East La Mirada,7.000000,90.000000,2969.000000,9757.000000,14.845000,48.785000,2345.510000,7708.030000,101.000000,142.000000,122.000000,51100.000000,63.630000,10053.540000,243.000000,51222.000000
Mall,East La Mirada,7.000000,90.000000,9182.000000,9757.000000,45.910000,48.785000,7253.780000,7708.030000,101.000000,142.000000,288.000000,51100.000000,94.695000,14961.810000,243.000000,51388.000000
Small Office,"East Los Angeles, CA",7.000000,60.000000,194.000000,126496.000000,0.970000,632.480000,153.260000,99931.840000,75.500000,142.000000,32.000000,223285.714300,633.450000,100085.100000,217.500000,223317.714300
Medium Office,"East Los Angeles, CA",7.000000,60.000000,5131.000000,126496.000000,25.655000,632.480000,4053.490000,99931.840000,75.500000,142.000000,60.000000,223285.714300,658.135000,103985.330000,217.500000,223345.714300
Large Office,"East Los Angeles, CA",7.000000,60.000000,9893.000000,126496.000000,49.465000,632.480000,7815.470000,99931.840000,75.500000,142.000000,62.000000,223285.714300,681.945000,107747.310000,217.500000,223347.714300
Primary School,"East Los Angeles, CA",7.000000,60.000000,9245.000000,126496.000000,46.225000,632.480000,7303.550000,99931.840000,75.500000,142.000000,24.000000,223285.714300,678.705000,107235.390000,217.500000,223309.714300
Secondary School,"East Los Angeles, CA",7.000000,60.000000,17574.000000,126496.000000,87.870000,632.480000,13883.460000,99931.840000,75.500000,142.000000,66.000000,223285.714300,720.350000,113815.300000,217.500000,223351.714300
University,"East Los Angeles, CA",7.000000,60.000000,37808.000000,126496.000000,189.040000,632.480000,29868.320000,99931.840000,101.000000,142.000000,190.000000,223285.714300,821.520000,129800.160000,243.000000,223475.714300
Hospital,"East Los Angeles, CA",7.000000,60.000000,2969.000000,126496.000000,14.845000,632.480000,2345.510000,99931.840000,101.000000,142.000000,122.000000,223285.714300,647.325000,102277.350000,243.000000,223407.714300
Mall,"East Los Angeles, CA",7.000000,60.000000,9182.000000,126496.000000,45.910000,632.480000,7253.780000,99931.840000,101.000000,142.000000,288.000000,223285.714300,678.390000,107185.620000,243.000000,223573.714300
Small Office,East Pasadena,7.000000,210.000000,194.000000,6144.000000,0.970000,30.720000,153.260000,4853.760000,75.500000,140.000000,32.000000,171244.898000,31.690000,5007.020000,215.500000,171276.898000
Medium Office,East Pasadena,7.000000,210.000000,5131.000000,6144.000000,25.655000,30.720000,4053.490000,4853.760000,75.500000,140.000000,60.000000,171244.898000,56.375000,8907.250000,215.500000,171304.898000
Large Office,East Pasadena,7.000000,210.000000,9893.000000,6144.000000,49.465000,30.720000,7815.470000,4853.760000,75.500000,140.000000,62.000000,171244.898000,80.185000,12669.230000,215.500000,171306.898000
Primary School,East Pasadena,7.000000,210.000000,9245.000000,6144.000000,46.225000,30.720000,7303.550000,4853.760000,75.500000,140.000000,24.000000,171244.898000,76.945000,12157.310000,215.500000,171268.898000
Secondary School,East Pasadena,7.000000,210.000000,17574.000000,6144.000000,87.870000,30.720000,13883.460000,4853.760000,75.500000,140.000000,66.000000,171244.898000,118.590000,18737.220000,215.500000,171310.898000
University,East Pasadena,7.000000,210.000000,37808.000000,6144.000000,189.040000,30.720000,29868.320000,4853.760000,101.000000,140.000000,190.000000,171244.898000,219.760000,34722.080000,241.000000,171434.898000
Hospital,East Pasadena,7.000000,210.000000,2969.000000,6144.000000,14.845000,30.720000,2345.510000,4853.760000,101.000000,140.000000,122.000000,171244.898000,45.565000,7199.270000,241.000000,171366.898000
Mall,East Pasadena,7.000000,210.000000,9182.000000,6144.000000,45.910000,30.720000,7253.780000,4853.760000,101.000000,140.000000,288.000000,171244.898000,76.630000,12107.540000,241.000000,171532.898000
Small Office,East Rancho Dominguez,7.000000,710.000000,194.000000,15135.000000,0.970000,75.675000,153.260000,11956.650000,75.500000,135.000000,32.000000,119689.655200,76.645000,12109.910000,210.500000,119721.655200
Medium Office,East Rancho Dominguez,7.000000,710.000000,5131.000000,15135.000000,25.655000,75.675000,4053.490000,11956.650000,75.500000,135.000000,60.000000,119689.655200,101.330000,16010.140000,210.500000,119749.655200
Large Office,East Rancho Dominguez,7.000000,710.000000,9893.000000,15135.000000,49.465000,75.675000,7815.470000,11956.650000,75.500000,135.000000,62.000000,119689.655200,125.140000,19772.120000,210.500000,119751.655200
Primary School,East Rancho Dominguez,7.000000,710.000000,9245.000000,15135.000000,46.225000,75.675000,7303.550000,11956.650000,75.500000,135.000000,24.000000,119689.655200,121.900000,19260.200000,210.500000,119713.655200
Secondary School,East Rancho Dominguez,7.000000,710.000000,17574.000000,15135.000000,87.870000,75.675000,13883.460000,11956.650000,75.500000,135.000000,66.000000,119689.655200,163.545000,25840.110000,210.500000,119755.655200
University,East Rancho Dominguez,7.000000,710.000000,37808.000000,15135.000000,189.040000,75.675000,29868.320000,11956.650000,101.000000,135.000000,190.000000,119689.655200,264.715000,41824.970000,236.000000,119879.655200
Hospital,East Rancho Dominguez,7.000000,710.000000,2969.000000,15135.000000,14.845000,75.675000,2345.510000,11956.650000,101.000000,135.000000,122.000000,119689.655200,90.520000,14302.160000,236.000000,119811.655200
Mall,East Rancho Dominguez,7.000000,710.000000,9182.000000,15135.000000,45.910000,75.675000,7253.780000,11956.650000,101.000000,135.000000,288.000000,119689.655200,121.585000,19210.430000,236.000000,119977.655200
Small Office,East San Gabriel,7.000000,210.000000,194.000000,14874.000000,0.970000,74.370000,153.260000,11750.460000,75.500000,140.000000,32.000000,171244.898000,75.340000,11903.720000,215.500000,171276.898000
Medium Office,East San Gabriel,7.000000,210.000000,5131.000000,14874.000000,25.655000,74.370000,4053.490000,11750.460000,75.500000,140.000000,60.000000,171244.898000,100.025000,15803.950000,215.500000,171304.898000
Large Office,East San Gabriel,7.000000,210.000000,9893.000000,14874.000000,49.465000,74.370000,7815.470000,11750.460000,75.500000,140.000000,62.000000,171244.898000,123.835000,19565.930000,215.500000,171306.898000
Primary School,East San Gabriel,7.000000,210.000000,9245.000000,14874.000000,46.225000,74.370000,7303.550000,11750.460000,75.500000,140.000000,24.000000,171244.898000,120.595000,19054.010000,215.500000,171268.898000
Secondary School,East San Gabriel,7.000000,210.000000,17574.000000,14874.000000,87.870000,74.370000,13883.460000,11750.460000,75.500000,140.000000,66.000000,171244.898000,162.240000,25633.920000,215.500000,171310.898000
University,East San Gabriel,7.000000,210.000000,37808.000000,14874.000000,189.040000,74.370000,29868.320000,11750.460000,101.000000,140.000000,190.000000,171244.898000,263.410000,41618.780000,241.000000,171434.898000
Hospital,East San Gabriel,7.000000,210.000000,2969.000000,14874.000000,14.845000,74.370000,2345.510000,11750.460000,101.000000,140.000000,122.000000,171244.898000,89.215000,14095.970000,241.000000,171366.898000
Mall,East San Gabriel,7.000000,210.000000,9182.000000,14874.000000,45.910000,74.370000,7253.780000,11750.460000,101.000000,140.000000,288.000000,171244.898000,120.280000,19004.240000,241.000000,171532.898000
Small Office,"East San Gabriel Valley, CA",7.000000,605.000000,194.000000,952352.000000,0.970000,4761.760000,153.260000,752358.080000,75.500000,143.000000,32.000000,211740.740700,4762.730000,752511.340000,218.500000,211772.740700
Medium Office,"East San Gabriel Valley, CA",7.000000,605.000000,5131.000000,952352.000000,25.655000,4761.760000,4053.490000,752358.080000,75.500000,143.000000,60.000000,211740.740700,4787.415000,756411.570000,218.500000,211800.740700
Large Office,"East San Gabriel Valley, CA",7.000000,605.000000,9893.000000,952352.000000,49.465000,4761.760000,7815.470000,752358.080000,75.500000,143.000000,62.000000,211740.740700,4811.225000,760173.550000,218.500000,211802.740700
Primary School,"East San Gabriel Valley, CA",7.000000,605.000000,9245.000000,952352.000000,46.225000,4761.760000,7303.550000,752358.080000,75.500000,143.000000,24.000000,211740.740700,4807.985000,759661.630000,218.500000,211764.740700
Secondary School,"East San Gabriel Valley, CA",7.000000,605.000000,17574.000000,952352.000000,87.870000,4761.760000,13883.460000,752358.080000,75.500000,143.000000,66.000000,211740.740700,4849.630000,766241.540000,218.500000,211806.740700
University,"East San Gabriel Valley, CA",7.000000,605.000000,37808.000000,952352.000000,189.040000,4761.760000,29868.320000,752358.080000,101.000000,143.000000,190.000000,211740.740700,4950.800000,782226.400000,244.000000,211930.740700
Hospital,"East San Gabriel Valley, CA",7.000000,605.000000,2969.000000,952352.000000,14.845000,4761.760000,2345.510000,752358.080000,101.000000,143.000000,122.000000,211740.740700,4776.605000,754703.590000,244.000000,211862.740700
Mall,"East San Gabriel Valley, CA",7.000000,605.000000,9182.000000,952352.000000,45.910000,4761.760000,7253.780000,752358.080000,101.000000,143.000000,288.000000,211740.740700,4807.670000,759611.860000,244.000000,212028.740700
Small Office,El Segundo,7.000000,105.000000,194.000000,17063.000000,0.970000,85.315000,153.260000,13479.770000,75.500000,134.000000,32.000000,190081.250000,86.285000,13633.030000,209.500000,190113.250000
Medium Office,El Segundo,7.000000,105.000000,5131.000000,17063.000000,25.655000,85.315000,4053.490000,13479.770000,75.500000,134.000000,60.000000,190081.250000,110.970000,17533.260000,209.500000,190141.250000
Large Office,El Segundo,7.000000,105.000000,9893.000000,17063.000000,49.465000,85.315000,7815.470000,13479.770000,75.500000,134.000000,62.000000,190081.250000,134.780000,21295.240000,209.500000,190143.250000
Primary School,El Segundo,7.000000,105.000000,9245.000000,17063.000000,46.225000,85.315000,7303.550000,13479.770000,75.500000,134.000000,24.000000,190081.250000,131.540000,20783.320000,209.500000,190105.250000
Secondary School,El Segundo,7.000000,105.000000,17574.000000,17063.000000,87.870000,85.315000,13883.460000,13479.770000,75.500000,134.000000,66.000000,190081.250000,173.185000,27363.230000,209.500000,190147.250000
University,El Segundo,7.000000,105.000000,37808.000000,17063.000000,189.040000,85.315000,29868.320000,13479.770000,101.000000,134.000000,190.000000,190081.250000,274.355000,43348.090000,235.000000,190271.250000
Hospital,El Segundo,7.000000,105.000000,2969.000000,17063.000000,14.845000,85.315000,2345.510000,13479.770000,101.000000,134.000000,122.000000,190081.250000,100.160000,15825.280000,235.000000,190203.250000
Mall,El Segundo,7.000000,105.000000,9182.000000,17063.000000,45.910000,85.315000,7253.780000,13479.770000,101.000000,134.000000,288.000000,190081.250000,131.225000,20733.550000,235.000000,190369.250000
Small Office,Elizabeth Lake,7.000000,14.000000,194.000000,1756.000000,0.970000,8.780000,153.260000,1387.240000,75.500000,107.000000,32.000000,82357.142860,9.750000,1540.500000,182.500000,82389.142860
Medium Office,Elizabeth Lake,7.000000,14.000000,5131.000000,1756.000000,25.655000,8.780000,4053.490000,1387.240000,75.500000,107.000000,60.000000,82357.142860,34.435000,5440.730000,182.500000,82417.142860
Large Office,Elizabeth Lake,7.000000,14.000000,9893.000000,1756.000000,49.465000,8.780000,7815.470000,1387.240000,75.500000,107.000000,62.000000,82357.142860,58.245000,9202.710000,182.500000,82419.142860
Primary School,Elizabeth Lake,7.000000,14.000000,9245.000000,1756.000000,46.225000,8.780000,7303.550000,1387.240000,75.500000,107.000000,24.000000,82357.142860,55.005000,8690.790000,182.500000,82381.142860
Secondary School,Elizabeth Lake,7.000000,14.000000,17574.000000,1756.000000,87.870000,8.780000,13883.460000,1387.240000,75.500000,107.000000,66.000000,82357.142860,96.650000,15270.700000,182.500000,82423.142860
University,Elizabeth Lake,7.000000,14.000000,37808.000000,1756.000000,189.040000,8.780000,29868.320000,1387.240000,101.000000,107.000000,190.000000,82357.142860,197.820000,31255.560000,208.000000,82547.142860
Hospital,Elizabeth Lake,7.000000,14.000000,2969.000000,1756.000000,14.845000,8.780000,2345.510000,1387.240000,101.000000,107.000000,122.000000,82357.142860,23.625000,3732.750000,208.000000,82479.142860
Mall,Elizabeth Lake,7.000000,14.000000,9182.000000,1756.000000,45.910000,8.780000,7253.780000,1387.240000,101.000000,107.000000,288.000000,82357.142860,54.690000,8641.020000,208.000000,82645.142860
Small Office,Florence-Graham,7.000000,105.000000,194.000000,63387.000000,0.970000,316.935000,153.260000,50075.730000,75.500000,138.000000,32.000000,190081.250000,317.905000,50228.990000,213.500000,190113.250000
Medium Office,Florence-Graham,7.000000,105.000000,5131.000000,63387.000000,25.655000,316.935000,4053.490000,50075.730000,75.500000,138.000000,60.000000,190081.250000,342.590000,54129.220000,213.500000,190141.250000
Large Office,Florence-Graham,7.000000,105.000000,9893.000000,63387.000000,49.465000,316.935000,7815.470000,50075.730000,75.500000,138.000000,62.000000,190081.250000,366.400000,57891.200000,213.500000,190143.250000
Primary School,Florence-Graham,7.000000,105.000000,9245.000000,63387.000000,46.225000,316.935000,7303.550000,50075.730000,75.500000,138.000000,24.000000,190081.250000,363.160000,57379.280000,213.500000,190105.250000
Secondary School,Florence-Graham,7.000000,105.000000,17574.000000,63387.000000,87.870000,316.935000,13883.460000,50075.730000,75.500000,138.000000,66.000000,190081.250000,404.805000,63959.190000,213.500000,190147.250000
University,Florence-Graham,7.000000,105.000000,37808.000000,63387.000000,189.040000,316.935000,29868.320000,50075.730000,101.000000,138.000000,190.000000,190081.250000,505.975000,79944.050000,239.000000,190271.250000
Hospital,Florence-Graham,7.000000,105.000000,2969.000000,63387.000000,14.845000,316.935000,2345.510000,50075.730000,101.000000,138.000000,122.000000,190081.250000,331.780000,52421.240000,239.000000,190203.250000
Mall,Florence-Graham,7.000000,105.000000,9182.000000,63387.000000,45.910000,316.935000,7253.780000,50075.730000,101.000000,138.000000,288.000000,190081.250000,362.845000,57329.510000,239.000000,190369.250000
Small Office,Hacienda Heights,7.000000,60.000000,194.000000,54038.000000,0.970000,270.190000,153.260000,42690.020000,75.500000,142.000000,32.000000,223285.714300,271.160000,42843.280000,217.500000,223317.714300
Medium Office,Hacienda Heights,7.000000,60.000000,5131.000000,54038.000000,25.655000,270.190000,4053.490000,42690.020000,75.500000,142.000000,60.000000,223285.714300,295.845000,46743.510000,217.500000,223345.714300
Large Office,Hacienda Heights,7.000000,60.000000,9893.000000,54038.000000,49.465000,270.190000,7815.470000,42690.020000,75.500000,142.000000,62.000000,223285.714300,319.655000,50505.490000,217.500000,223347.714300
Primary School,Hacienda Heights,7.000000,60.000000,9245.000000,54038.000000,46.225000,270.190000,7303.550000,42690.020000,75.500000,142.000000,24.000000,223285.714300,316.415000,49993.570000,217.500000,223309.714300
Secondary School,Hacienda Heights,7.000000,60.000000,17574.000000,54038.000000,87.870000,270.190000,13883.460000,42690.020000,75.500000,142.000000,66.000000,223285.714300,358.060000,56573.480000,217.500000,223351.714300
University,Hacienda Heights,7.000000,60.000000,37808.000000,54038.000000,189.040000,270.190000,29868.320000,42690.020000,101.000000,142.000000,190.000000,223285.714300,459.230000,72558.340000,243.000000,223475.714300
Hospital,Hacienda Heights,7.000000,60.000000,2969.000000,54038.000000,14.845000,270.190000,2345.510000,42690.020000,101.000000,142.000000,122.000000,223285.714300,285.035000,45035.530000,243.000000,223407.714300
Mall,Hacienda Heights,7.000000,60.000000,9182.000000,54038.000000,45.910000,270.190000,7253.780000,42690.020000,101.000000,142.000000,288.000000,223285.714300,316.100000,49943.800000,243.000000,223573.714300
Small Office,Hasley Canyon,7.000000,5.000000,194.000000,1137.000000,0.970000,5.685000,153.260000,898.230000,75.500000,130.000000,32.000000,176685.714300,6.655000,1051.490000,205.500000,176717.714300
Medium Office,Hasley Canyon,7.000000,5.000000,5131.000000,1137.000000,25.655000,5.685000,4053.490000,898.230000,75.500000,130.000000,60.000000,176685.714300,31.340000,4951.720000,205.500000,176745.714300
Large Office,Hasley Canyon,7.000000,5.000000,9893.000000,1137.000000,49.465000,5.685000,7815.470000,898.230000,75.500000,130.000000,62.000000,176685.714300,55.150000,8713.700000,205.500000,176747.714300
Primary School,Hasley Canyon,7.000000,5.000000,9245.000000,1137.000000,46.225000,5.685000,7303.550000,898.230000,75.500000,130.000000,24.000000,176685.714300,51.910000,8201.780000,205.500000,176709.714300
Secondary School,Hasley Canyon,7.000000,5.000000,17574.000000,1137.000000,87.870000,5.685000,13883.460000,898.230000,75.500000,130.000000,66.000000,176685.714300,93.555000,14781.690000,205.500000,176751.714300
University,Hasley Canyon,7.000000,5.000000,37808.000000,1137.000000,189.040000,5.685000,29868.320000,898.230000,101.000000,130.000000,190.000000,176685.714300,194.725000,30766.550000,231.000000,176875.714300
Hospital,Hasley Canyon,7.000000,5.000000,2969.000000,1137.000000,14.845000,5.685000,2345.510000,898.230000,101.000000,130.000000,122.000000,176685.714300,20.530000,3243.740000,231.000000,176807.714300
Mall,Hasley Canyon,7.000000,5.000000,9182.000000,1137.000000,45.910000,5.685000,7253.780000,898.230000,101.000000,130.000000,288.000000,176685.714300,51.595000,8152.010000,231.000000,176973.714300
Small Office,Hawaiian Gardens,7.000000,605.000000,194.000000,14557.000000,0.970000,72.785000,153.260000,11500.030000,75.500000,135.000000,32.000000,211740.740700,73.755000,11653.290000,210.500000,211772.740700
Medium Office,Hawaiian Gardens,7.000000,605.000000,5131.000000,14557.000000,25.655000,72.785000,4053.490000,11500.030000,75.500000,135.000000,60.000000,211740.740700,98.440000,15553.520000,210.500000,211800.740700
Large Office,Hawaiian Gardens,7.000000,605.000000,9893.000000,14557.000000,49.465000,72.785000,7815.470000,11500.030000,75.500000,135.000000,62.000000,211740.740700,122.250000,19315.500000,210.500000,211802.740700
Primary School,Hawaiian Gardens,7.000000,605.000000,9245.000000,14557.000000,46.225000,72.785000,7303.550000,11500.030000,75.500000,135.000000,24.000000,211740.740700,119.010000,18803.580000,210.500000,211764.740700
Secondary School,Hawaiian Gardens,7.000000,605.000000,17574.000000,14557.000000,87.870000,72.785000,13883.460000,11500.030000,75.500000,135.000000,66.000000,211740.740700,160.655000,25383.490000,210.500000,211806.740700
University,Hawaiian Gardens,7.000000,605.000000,37808.000000,14557.000000,189.040000,72.785000,29868.320000,11500.030000,101.000000,135.000000,190.000000,211740.740700,261.825000,41368.350000,236.000000,211930.740700
Hospital,Hawaiian Gardens,7.000000,605.000000,2969.000000,14557.000000,14.845000,72.785000,2345.510000,11500.030000,101.000000,135.000000,122.000000,211740.740700,87.630000,13845.540000,236.000000,211862.740700
Mall,Hawaiian Gardens,7.000000,605.000000,9182.000000,14557.000000,45.910000,72.785000,7253.780000,11500.030000,101.000000,135.000000,288.000000,211740.740700,118.695000,18753.810000,236.000000,212028.740700
Small Office,"Hawthorne, CA",7.000000,105.000000,194.000000,87583.000000,0.970000,437.915000,153.260000,69190.570000,75.500000,134.000000,32.000000,190081.250000,438.885000,69343.830000,209.500000,190113.250000
Medium Office,"Hawthorne, CA",7.000000,105.000000,5131.000000,87583.000000,25.655000,437.915000,4053.490000,69190.570000,75.500000,134.000000,60.000000,190081.250000,463.570000,73244.060000,209.500000,190141.250000
Large Office,"Hawthorne, CA",7.000000,105.000000,9893.000000,87583.000000,49.465000,437.915000,7815.470000,69190.570000,75.500000,134.000000,62.000000,190081.250000,487.380000,77006.040000,209.500000,190143.250000
Primary School,"Hawthorne, CA",7.000000,105.000000,9245.000000,87583.000000,46.225000,437.915000,7303.550000,69190.570000,75.500000,134.000000,24.000000,190081.250000,484.140000,76494.120000,209.500000,190105.250000
Secondary School,"Hawthorne, CA",7.000000,105.000000,17574.000000,87583.000000,87.870000,437.915000,13883.460000,69190.570000,75.500000,134.000000,66.000000,190081.250000,525.785000,83074.030000,209.500000,190147.250000
University,"Hawthorne, CA",7.000000,105.000000,37808.000000,87583.000000,189.040000,437.915000,29868.320000,69190.570000,101.000000,134.000000,190.000000,190081.250000,626.955000,99058.890000,235.000000,190271.250000
Hospital,"Hawthorne, CA",7.000000,105.000000,2969.000000,87583.000000,14.845000,437.915000,2345.510000,69190.570000,101.000000,134.000000,122.000000,190081.250000,452.760000,71536.080000,235.000000,190203.250000
Mall,"Hawthorne, CA",7.000000,105.000000,9182.000000,87583.000000,45.910000,437.915000,7253.780000,69190.570000,101.000000,134.000000,288.000000,190081.250000,483.825000,76444.350000,235.000000,190369.250000
Small Office,Hermosa Beach,7.000000,1.000000,194.000000,19891.000000,0.970000,99.455000,153.260000,15713.890000,75.500000,134.000000,32.000000,41510.204080,100.425000,15867.150000,209.500000,41542.204080
Medium Office,Hermosa Beach,7.000000,1.000000,5131.000000,19891.000000,25.655000,99.455000,4053.490000,15713.890000,75.500000,134.000000,60.000000,41510.204080,125.110000,19767.380000,209.500000,41570.204080
Large Office,Hermosa Beach,7.000000,1.000000,9893.000000,19891.000000,49.465000,99.455000,7815.470000,15713.890000,75.500000,134.000000,62.000000,41510.204080,148.920000,23529.360000,209.500000,41572.204080
Primary School,Hermosa Beach,7.000000,1.000000,9245.000000,19891.000000,46.225000,99.455000,7303.550000,15713.890000,75.500000,134.000000,24.000000,41510.204080,145.680000,23017.440000,209.500000,41534.204080
Secondary School,Hermosa Beach,7.000000,1.000000,17574.000000,19891.000000,87.870000,99.455000,13883.460000,15713.890000,75.500000,134.000000,66.000000,41510.204080,187.325000,29597.350000,209.500000,41576.204080
University,Hermosa Beach,7.000000,1.000000,37808.000000,19891.000000,189.040000,99.455000,29868.320000,15713.890000,101.000000,134.000000,190.000000,41510.204080,288.495000,45582.210000,235.000000,41700.204080
Hospital,Hermosa Beach,7.000000,1.000000,2969.000000,19891.000000,14.845000,99.455000,2345.510000,15713.890000,101.000000,134.000000,122.000000,41510.204080,114.300000,18059.400000,235.000000,41632.204080
Mall,Hermosa Beach,7.000000,1.000000,9182.000000,19891.000000,45.910000,99.455000,7253.780000,15713.890000,101.000000,134.000000,288.000000,41510.204080,145.365000,22967.670000,235.000000,41798.204080
Small Office,Hidden Hills,7.000000,101.000000,194.000000,1919.000000,0.970000,9.595000,153.260000,1516.010000,75.500000,130.000000,32.000000,192269.230800,10.565000,1669.270000,205.500000,192301.230800
Medium Office,Hidden Hills,7.000000,101.000000,5131.000000,1919.000000,25.655000,9.595000,4053.490000,1516.010000,75.500000,130.000000,60.000000,192269.230800,35.250000,5569.500000,205.500000,192329.230800
Large Office,Hidden Hills,7.000000,101.000000,9893.000000,1919.000000,49.465000,9.595000,7815.470000,1516.010000,75.500000,130.000000,62.000000,192269.230800,59.060000,9331.480000,205.500000,192331.230800
Primary School,Hidden Hills,7.000000,101.000000,9245.000000,1919.000000,46.225000,9.595000,7303.550000,1516.010000,75.500000,130.000000,24.000000,192269.230800,55.820000,8819.560000,205.500000,192293.230800
Secondary School,Hidden Hills,7.000000,101.000000,17574.000000,1919.000000,87.870000,9.595000,13883.460000,1516.010000,75.500000,130.000000,66.000000,192269.230800,97.465000,15399.470000,205.500000,192335.230800
University,Hidden Hills,7.000000,101.000000,37808.000000,1919.000000,189.040000,9.595000,29868.320000,1516.010000,101.000000,130.000000,190.000000,192269.230800,198.635000,31384.330000,231.000000,192459.230800
Hospital,Hidden Hills,7.000000,101.000000,2969.000000,1919.000000,14.845000,9.595000,2345.510000,1516.010000,101.000000,130.000000,122.000000,192269.230800,24.440000,3861.520000,231.000000,192391.230800
Mall,Hidden Hills,7.000000,101.000000,9182.000000,1919.000000,45.910000,9.595000,7253.780000,1516.010000,101.000000,130.000000,288.000000,192269.230800,55.505000,8769.790000,231.000000,192557.230800
Small Office,Huntington Park,7.000000,110.000000,194.000000,59362.000000,0.970000,296.810000,153.260000,46895.980000,75.500000,142.000000,32.000000,169423.913000,297.780000,47049.240000,217.500000,169455.913000
Medium Office,Huntington Park,7.000000,110.000000,5131.000000,59362.000000,25.655000,296.810000,4053.490000,46895.980000,75.500000,142.000000,60.000000,169423.913000,322.465000,50949.470000,217.500000,169483.913000
Large Office,Huntington Park,7.000000,110.000000,9893.000000,59362.000000,49.465000,296.810000,7815.470000,46895.980000,75.500000,142.000000,62.000000,169423.913000,346.275000,54711.450000,217.500000,169485.913000
Primary School,Huntington Park,7.000000,110.000000,9245.000000,59362.000000,46.225000,296.810000,7303.550000,46895.980000,75.500000,142.000000,24.000000,169423.913000,343.035000,54199.530000,217.500000,169447.913000
Secondary School,Huntington Park,7.000000,110.000000,17574.000000,59362.000000,87.870000,296.810000,13883.460000,46895.980000,75.500000,142.000000,66.000000,169423.913000,384.680000,60779.440000,217.500000,169489.913000
University,Huntington Park,7.000000,110.000000,37808.000000,59362.000000,189.040000,296.810000,29868.320000,46895.980000,101.000000,142.000000,190.000000,169423.913000,485.850000,76764.300000,243.000000,169613.913000
Hospital,Huntington Park,7.000000,110.000000,2969.000000,59362.000000,14.845000,296.810000,2345.510000,46895.980000,101.000000,142.000000,122.000000,169423.913000,311.655000,49241.490000,243.000000,169545.913000
Mall,Huntington Park,7.000000,110.000000,9182.000000,59362.000000,45.910000,296.810000,7253.780000,46895.980000,101.000000,142.000000,288.000000,169423.913000,342.720000,54149.760000,243.000000,169711.913000
Small Office,"El Monte, CA",7.000000,10.000000,194.000000,116631.000000,0.970000,583.155000,153.260000,92138.490000,75.500000,142.000000,32.000000,225827.586200,584.125000,92291.750000,217.500000,225859.586200
Medium Office,"El Monte, CA",7.000000,10.000000,5131.000000,116631.000000,25.655000,583.155000,4053.490000,92138.490000,75.500000,142.000000,60.000000,225827.586200,608.810000,96191.980000,217.500000,225887.586200
Large Office,"El Monte, CA",7.000000,10.000000,9893.000000,116631.000000,49.465000,583.155000,7815.470000,92138.490000,75.500000,142.000000,62.000000,225827.586200,632.620000,99953.960000,217.500000,225889.586200
Primary School,"El Monte, CA",7.000000,10.000000,9245.000000,116631.000000,46.225000,583.155000,7303.550000,92138.490000,75.500000,142.000000,24.000000,225827.586200,629.380000,99442.040000,217.500000,225851.586200
Secondary School,"El Monte, CA",7.000000,10.000000,17574.000000,116631.000000,87.870000,583.155000,13883.460000,92138.490000,75.500000,142.000000,66.000000,225827.586200,671.025000,106021.950000,217.500000,225893.586200
University,"El Monte, CA",7.000000,10.000000,37808.000000,116631.000000,189.040000,583.155000,29868.320000,92138.490000,101.000000,142.000000,190.000000,225827.586200,772.195000,122006.810000,243.000000,226017.586200
Hospital,"El Monte, CA",7.000000,10.000000,2969.000000,116631.000000,14.845000,583.155000,2345.510000,92138.490000,101.000000,142.000000,122.000000,225827.586200,598.000000,94484.000000,243.000000,225949.586200
Mall,"El Monte, CA",7.000000,10.000000,9182.000000,116631.000000,45.910000,583.155000,7253.780000,92138.490000,101.000000,142.000000,288.000000,225827.586200,629.065000,99392.270000,243.000000,226115.586200
Small Office,"Gardena, CA",7.000000,91.000000,194.000000,60395.000000,0.970000,301.975000,153.260000,47712.050000,75.500000,134.000000,32.000000,217095.238100,302.945000,47865.310000,209.500000,217127.238100
Medium Office,"Gardena, CA",7.000000,91.000000,5131.000000,60395.000000,25.655000,301.975000,4053.490000,47712.050000,75.500000,134.000000,60.000000,217095.238100,327.630000,51765.540000,209.500000,217155.238100
Large Office,"Gardena, CA",7.000000,91.000000,9893.000000,60395.000000,49.465000,301.975000,7815.470000,47712.050000,75.500000,134.000000,62.000000,217095.238100,351.440000,55527.520000,209.500000,217157.238100
Primary School,"Gardena, CA",7.000000,91.000000,9245.000000,60395.000000,46.225000,301.975000,7303.550000,47712.050000,75.500000,134.000000,24.000000,217095.238100,348.200000,55015.600000,209.500000,217119.238100
Secondary School,"Gardena, CA",7.000000,91.000000,17574.000000,60395.000000,87.870000,301.975000,13883.460000,47712.050000,75.500000,134.000000,66.000000,217095.238100,389.845000,61595.510000,209.500000,217161.238100
University,"Gardena, CA",7.000000,91.000000,37808.000000,60395.000000,189.040000,301.975000,29868.320000,47712.050000,101.000000,134.000000,190.000000,217095.238100,491.015000,77580.370000,235.000000,217285.238100
Hospital,"Gardena, CA",7.000000,91.000000,2969.000000,60395.000000,14.845000,301.975000,2345.510000,47712.050000,101.000000,134.000000,122.000000,217095.238100,316.820000,50057.560000,235.000000,217217.238100
Mall,"Gardena, CA",7.000000,91.000000,9182.000000,60395.000000,45.910000,301.975000,7253.780000,47712.050000,101.000000,134.000000,288.000000,217095.238100,347.885000,54965.830000,235.000000,217383.238100
Small Office,"Glendale, CA",7.000000,134.000000,194.000000,200167.000000,0.970000,1000.835000,153.260000,158131.930000,75.500000,138.000000,32.000000,8207.894737,1001.805000,158285.190000,213.500000,8239.894737
Medium Office,"Glendale, CA",7.000000,134.000000,5131.000000,200167.000000,25.655000,1000.835000,4053.490000,158131.930000,75.500000,138.000000,60.000000,8207.894737,1026.490000,162185.420000,213.500000,8267.894737
Large Office,"Glendale, CA",7.000000,134.000000,9893.000000,200167.000000,49.465000,1000.835000,7815.470000,158131.930000,75.500000,138.000000,62.000000,8207.894737,1050.300000,165947.400000,213.500000,8269.894737
Primary School,"Glendale, CA",7.000000,134.000000,9245.000000,200167.000000,46.225000,1000.835000,7303.550000,158131.930000,75.500000,138.000000,24.000000,8207.894737,1047.060000,165435.480000,213.500000,8231.894737
Secondary School,"Glendale, CA",7.000000,134.000000,17574.000000,200167.000000,87.870000,1000.835000,13883.460000,158131.930000,75.500000,138.000000,66.000000,8207.894737,1088.705000,172015.390000,213.500000,8273.894737
University,"Glendale, CA",7.000000,134.000000,37808.000000,200167.000000,189.040000,1000.835000,29868.320000,158131.930000,101.000000,138.000000,190.000000,8207.894737,1189.875000,188000.250000,239.000000,8397.894737
Hospital,"Glendale, CA",7.000000,134.000000,2969.000000,200167.000000,14.845000,1000.835000,2345.510000,158131.930000,101.000000,138.000000,122.000000,8207.894737,1015.680000,160477.440000,239.000000,8329.894737
Mall,"Glendale, CA",7.000000,134.000000,9182.000000,200167.000000,45.910000,1000.835000,7253.780000,158131.930000,101.000000,138.000000,288.000000,8207.894737,1046.745000,165385.710000,239.000000,8495.894737
Small Office,"Glendora, CA",7.000000,210.000000,194.000000,51442.000000,0.970000,257.210000,153.260000,40639.180000,75.500000,143.000000,32.000000,171244.898000,258.180000,40792.440000,218.500000,171276.898000
Medium Office,"Glendora, CA",7.000000,210.000000,5131.000000,51442.000000,25.655000,257.210000,4053.490000,40639.180000,75.500000,143.000000,60.000000,171244.898000,282.865000,44692.670000,218.500000,171304.898000
Large Office,"Glendora, CA",7.000000,210.000000,9893.000000,51442.000000,49.465000,257.210000,7815.470000,40639.180000,75.500000,143.000000,62.000000,171244.898000,306.675000,48454.650000,218.500000,171306.898000
Primary School,"Glendora, CA",7.000000,210.000000,9245.000000,51442.000000,46.225000,257.210000,7303.550000,40639.180000,75.500000,143.000000,24.000000,171244.898000,303.435000,47942.730000,218.500000,171268.898000
Secondary School,"Glendora, CA",7.000000,210.000000,17574.000000,51442.000000,87.870000,257.210000,13883.460000,40639.180000,75.500000,143.000000,66.000000,171244.898000,345.080000,54522.640000,218.500000,171310.898000
University,"Glendora, CA",7.000000,210.000000,37808.000000,51442.000000,189.040000,257.210000,29868.320000,40639.180000,101.000000,143.000000,190.000000,171244.898000,446.250000,70507.500000,244.000000,171434.898000
Hospital,"Glendora, CA",7.000000,210.000000,2969.000000,51442.000000,14.845000,257.210000,2345.510000,40639.180000,101.000000,143.000000,122.000000,171244.898000,272.055000,42984.690000,244.000000,171366.898000
Mall,"Glendora, CA",7.000000,210.000000,9182.000000,51442.000000,45.910000,257.210000,7253.780000,40639.180000,101.000000,143.000000,288.000000,171244.898000,303.120000,47892.960000,244.000000,171532.898000
